feature,importance
num_lab_procedures,0.04879812818749417
num_medications,0.046204226709690474
time_in_hospital,0.03654371103014329
number_inpatient,0.031828885504725374
number_diagnoses,0.02701700569968902
discharge_disposition_id,0.02668147823939573
num_procedures,0.02546947427749162
admission_type_id,0.01848361005730422
admission_source_id,0.01584735108423715
number_outpatient,0.012855503028650316
number_emergency,0.011007541921069418
medical_specialty_Unknown,0.010939479088326737
age_[70-80),0.010825039418826406
age_[60-70),0.010522529238484332
payer_code_Unknown,0.010506407612643646
payer_code_MC,0.010174554372904055
insulin_Steady,0.00936066224693418
change_No,0.008987154276637786
age_[80-90),0.008844894884234981
age_[50-60),0.008376950034552405
insulin_No,0.008056580363190905
A1Cresult_Unknown,0.007443031132175459
medical_specialty_InternalMedicine,0.0073498243858166465
diag_3_250,0.006456287739049889
glipizide_No,0.006257877827255198
age_[40-50),0.006137411990985233
metformin_No,0.006115496713537701
metformin_Steady,0.005893636587427892
diag_2_276,0.005889080810165002
glipizide_Steady,0.005805628477970395
diabetesMed_Yes,0.005781169151047387
insulin_Up,0.005694321704743541
glyburide_No,0.005545148772063445
diag_2_428,0.0055013716349955845
diag_1_428,0.005498066955453429
diag_3_401,0.005480895670931763
medical_specialty_Family/GeneralPractice,0.005392582718598175
glyburide_Steady,0.005216756884317733
diag_2_427,0.005142993252489767
diag_3_276,0.0051143794409232975
A1Cresult_>8,0.004743035016353093
diag_3_428,0.0046093063644134175
pioglitazone_No,0.004598899685579699
diag_3_427,0.004487375661431579
payer_code_HM,0.004467537557886086
medical_specialty_Emergency/Trauma,0.004441918368485935
pioglitazone_Steady,0.0044208226580527265
diag_1_414,0.004259611404951591
payer_code_SP,0.0041672621583286
rosiglitazone_No,0.004043072300338061
rosiglitazone_Steady,0.003954439832907839
diag_2_496,0.003946826489351462
diag_3_414,0.003921278164388716
diag_2_250,0.00389211962014448
diag_2_599,0.003724158620960533
A1Cresult_Norm,0.003722853537671375
diag_1_486,0.0036264149857035684
medical_specialty_Cardiology,0.0036161580069182893
glimepiride_No,0.0035596888693808443
diag_1_410,0.0034738481501616876
diag_3_496,0.0034252987462744995
diag_1_786,0.0033836964181521525
payer_code_MD,0.0033434525883720132
glimepiride_Steady,0.003309354364904052
diag_1_427,0.003306147809181785
age_[30-40),0.0031803103499408905
diag_2_403,0.003106970106648107
diag_2_401,0.0030791286589972222
max_glu_serum_Unknown,0.00303130397119024
age_[90-100),0.0029771152371606104
diag_2_414,0.00287990977776108
diag_3_403,0.0028642585467888023
medical_specialty_Surgery-General,0.0027977940364104547
diag_1_491,0.0026969642861039613
diag_1_276,0.0026882984502780735
diag_2_411,0.002678546736299882
diag_3_599,0.002672318359834275
diag_1_434,0.002621516267341687
diag_2_707,0.0026119560844976193
diag_3_585,0.0025670187552964195
diag_2_250.02,0.002544700588890777
diag_2_585,0.0025304489216591945
diag_1_996,0.0024900939845071256
diag_1_780,0.002478971749338821
weight_Unknown,0.002428028647765526
payer_code_CP,0.002414960046144717
diag_1_682,0.0024035135165890583
diag_2_584,0.0022506362655533257
diag_1_599,0.002239291073590326
diag_1_584,0.0022092210411734942
payer_code_CM,0.002200739582276267
diag_1_250.8,0.0021640066583635408
diag_1_38,0.002127364099737032
payer_code_UN,0.002127147219221443
diag_2_425,0.002115832252037475
diag_3_250.02,0.0021157260442285107
diag_2_491,0.0021042522210771787
diag_2_250.01,0.0020739651824343776
diag_3_V45,0.0020460594080062362
diag_2_780,0.002043100807253727
diag_2_682,0.002007139613073315
diag_3_272,0.0020047842787712065
diag_3_780,0.001988808954266433
diag_3_707,0.0019844438432514724
diag_2_486,0.0019499857218426369
max_glu_serum_Norm,0.0019435844660586022
diag_2_285,0.0019264674834497707
medical_specialty_Nephrology,0.0018447658486578549
diag_1_250.6,0.0018250632878271237
diag_3_250.6,0.0018121198956307996
diag_3_425,0.001746269246403094
diag_3_285,0.0017256321110661313
diag_2_518,0.001723984914477119
diag_1_715,0.001708332755459209
diag_3_424,0.0016104469320336466
age_[20-30),0.0016042417860134119
diag_1_577,0.0015964519041163033
diag_2_424,0.0015861927802357043
diag_1_562,0.0015833063518511602
repaglinide_No,0.0015822448894704175
diag_3_584,0.0015228177217220986
diag_2_250.6,0.0015012163493244798
diag_1_820,0.0015005837899445588
diag_3_250.01,0.0014793903914121214
repaglinide_Steady,0.0014783423613693473
diag_1_518,0.0014708952184677546
diag_2_413,0.0014605381018005508
diag_1_560,0.0014482032021370947
diag_1_435,0.0014344150145609445
diag_3_518,0.001429808636598305
diag_1_493,0.0014124596644178825
diag_1_440,0.0014043766779813927
diag_3_682,0.0013953405140280832
diag_1_574,0.0013330354335250917
diag_1_250.7,0.0013195232013304486
weight_[75-100),0.0013060447867512986
max_glu_serum_>300,0.0012726127412304577
payer_code_OG,0.001269077812009155
diag_3_305,0.0012682557885277624
diag_2_493,0.0012479039882605078
medical_specialty_Radiologist,0.0012445873266822207
medical_specialty_Pulmonology,0.001206502870191332
medical_specialty_Orthopedics,0.0011880922597683433
diag_1_998,0.0011787210698124102
diag_1_433,0.0011752080739599142
diag_1_V57,0.0011661490940101007
diag_3_493,0.001156749542475158
medical_specialty_Orthopedics-Reconstructive,0.0011236350510701269
diag_1_296,0.001115372104987625
diag_1_578,0.0010873254752541176
diag_3_786,0.0010843415313737934
diag_3_Unknown,0.001077899258393343
diag_1_8,0.0010511513144322944
diag_3_530,0.0010347330009911227
diag_1_V58,0.0010304284788550454
diag_3_486,0.0010238683913397243
diag_1_507,0.0010125486093203405
diag_1_403,0.0010070902849203735
diag_2_280,0.0010025292106203253
metformin_Up,0.001000737467733711
medical_specialty_Psychiatry,0.0010004387506974443
diag_2_305,0.0009983940500827553
diag_1_250.13,0.0009937961488432415
diag_1_789,0.00098928584293977
diag_3_41,0.0009879077217230122
diag_3_278,0.0009735117210318385
diag_3_491,0.0009691723289179534
glyburide_Up,0.0009688783834957347
glipizide_Up,0.0009653705444570536
diag_2_410,0.0009563385659809283
diag_2_511,0.0009384625788373632
weight_[50-75),0.0009308582287139443
diag_1_453,0.000917794824775624
diag_2_998,0.0009041676142996837
diag_2_786,0.0008790056184367715
medical_specialty_Gastroenterology,0.0008515617665112626
diag_3_511,0.0008505862335681634
nateglinide_No,0.0008426863982228024
diag_1_722,0.0008368412610075027
diag_1_250.02,0.0008333449963220492
diag_2_785,0.0008325488851622915
diag_1_530,0.000822767848920181
diag_1_250.11,0.0008220390627344631
glyburide-metformin_No,0.0008173915417306907
diag_2_162,0.0008164939997954573
nateglinide_Steady,0.0008158606943549627
diag_3_250.4,0.0008068340068265456
diag_1_402,0.0007992534969488953
diag_2_996,0.000795331576690904
glyburide-metformin_Steady,0.0007948667456669963
diag_3_244,0.0007917987155223716
medical_specialty_Urology,0.0007894646067942495
diag_3_V58,0.0007828907074007721
payer_code_PO,0.0007817355268903203
diag_2_440,0.0007785681869865576
diag_3_785,0.0007707331226844464
diag_2_571,0.0007690892730746333
medical_specialty_Surgery-Cardiovascular/Thoracic,0.0007598250616408386
diag_1_250.82,0.0007580402311015532
diag_2_38,0.0007490335311915351
diag_3_411,0.0007461244962453823
medical_specialty_Surgery-Vascular,0.0007456672247326898
diag_2_577,0.000745185361913571
diag_1_162,0.0007386034543505379
diag_1_458,0.0007370659548703873
payer_code_DM,0.0007355360406448186
diag_3_357,0.0007340697102164064
diag_3_197,0.0007308794349406349
diag_2_197,0.0007303686053110581
diag_1_535,0.0007212525501150881
weight_[100-125),0.000717545330169992
diag_3_280,0.0007124585545832544
diag_2_V45,0.0007054130880557106
diag_1_415,0.0007046582321634265
diag_2_295,0.0007040882932479719
diag_1_295,0.0007040560715893219
diag_2_560,0.0006997586874426824
diag_1_558,0.0006957562181670089
diag_1_724,0.0006912008169864265
diag_3_412,0.000675690774835283
diag_1_733,0.0006730045817240672
diag_1_285,0.0006713680117666093
diag_1_482,0.0006703377851658555
diag_3_788,0.0006700097580135264
medical_specialty_ObstetricsandGynecology,0.0006592456568988961
diag_3_438,0.0006491569845143769
diag_3_250.8,0.0006475273512183518
diag_2_198,0.0006467621951056463
diag_2_402,0.000646393446412149
diag_3_287,0.0006358724106824776
diag_1_197,0.0006331620625587109
diag_1_787,0.0006323300909619431
diag_3_295,0.0006314604735983855
diag_3_998,0.0006310194180418517
diag_1_997,0.0006287154274877158
diag_1_250.12,0.0006231278097897383
diag_1_401,0.000622250129765427
diag_1_280,0.0006187384508991096
diag_3_571,0.0006150529259999536
diag_3_294,0.0006142573522199253
diag_2_789,0.0006134718864775966
diag_2_453,0.0006131936193097248
diag_3_787,0.0006128319665345292
diag_3_593,0.0006117298088235996
diag_3_536,0.0006107255121534885
diag_2_41,0.0006094434215721642
diag_1_824,0.0006074435515354974
diag_2_788,0.0006074205593967092
diag_3_996,0.0006062817486137201
diag_3_789,0.0006039575345724254
medical_specialty_Oncology,0.0005862585369430073
diag_2_997,0.0005825191185798294
diag_2_578,0.000581163568889303
diag_2_799,0.0005780639762345107
age_[10-20),0.0005777235044464819
diag_1_511,0.0005766632038398715
diag_2_287,0.0005735046008770384
diag_2_530,0.0005724215896754098
diag_3_458,0.0005713371633697782
diag_3_402,0.0005695357900906879
diag_1_571,0.0005677894356456235
diag_3_V15,0.0005646238028973001
diag_2_250.41,0.0005616360975968102
diag_1_707,0.0005591878020443274
diag_2_272,0.0005580183560295894
diag_3_70,0.0005548214468475169
diag_3_413,0.0005381111763040813
diag_3_799,0.0005354917647931883
diag_1_569,0.0005327936900221066
diag_1_572,0.0005322982207964235
diag_1_404,0.0005312458698337431
diag_1_590,0.0005296398698801665
diag_2_574,0.0005289648466008848
diag_1_592,0.0005276145185531559
diag_3_995,0.0005259782149049832
diag_1_278,0.0005245866900343612
diag_2_426,0.0005228811651369629
diag_3_535,0.0005199362560892483
medical_specialty_Surgery-Neuro,0.0005176674452131958
diag_2_V42,0.0005161623348748967
diag_3_426,0.0005154180153420172
diag_1_411,0.000513661882471456
diag_3_263,0.0005101694169460548
diag_1_250.1,0.0005094228669487404
diag_2_303,0.0005082398646022664
diag_3_578,0.0005077492169983228
diag_2_250.03,0.0005065165011571639
diag_2_70,0.0005012846368761539
diag_2_342,0.0004967902026643844
diag_3_560,0.0004945173047816004
diag_1_153,0.0004934773078226961
diag_3_997,0.0004844937563087325
diag_1_466,0.0004803321732055657
diag_3_453,0.0004796766160537721
diag_3_V12,0.00047750851938976353
diag_3_V42,0.00047546690092129695
diag_2_202,0.0004726951429266633
diag_1_426,0.0004695122428362435
diag_3_396,0.00046935584518045413
diag_2_438,0.00046915991781585833
diag_1_552,0.00046889001401888617
diag_1_531,0.00046597344250134064
diag_3_784,0.00046529710210859153
diag_1_250.4,0.0004629925642309142
diag_1_575,0.00045665356780879673
diag_3_8,0.0004541853822581066
diag_2_790,0.0004526501631563105
diag_2_648,0.0004522785004549947
diag_1_198,0.0004481040614139083
diag_3_250.41,0.00044735614097459836
medical_specialty_PhysicalMedicineandRehabilitation,0.0004472537651592661
diag_2_404,0.0004371729283455808
diag_2_434,0.0004337772697115417
diag_3_300,0.0004305061571821354
diag_2_8,0.0004271090370391802
diag_2_536,0.0004247932232091453
glimepiride_Up,0.0004247919909659602
diag_3_331,0.00042368003453375537
diag_3_162,0.0004208567861056339
diag_3_440,0.0004197439106306925
diag_3_311,0.00041721978671521075
diag_2_733,0.00041510587632852177
diag_2_730,0.0004148502937998573
diag_3_733,0.000411458881164191
diag_1_812,0.0004113129542218093
diag_2_112,0.0004075863912918042
diag_3_443,0.0004066948517618738
diag_2_492,0.00040647251622269405
diag_3_296,0.00040580727238036246
diag_2_250.8,0.0004027459325159081
diag_3_198,0.0003994104353763143
diag_2_535,0.0003974977758147566
acarbose_No,0.0003954043220547357
diag_3_342,0.00039443037403196635
diag_3_303,0.00039371222792862183
diag_3_581,0.0003896925548971712
diag_2_Unknown,0.00038760773859250914
diag_2_784,0.00038613652092798025
diag_3_790,0.0003855253630968787
diag_1_600,0.0003829737759475408
diag_3_250.92,0.00038149863995566797
diag_2_591,0.00038147578233983526
diag_3_250.42,0.0003799970419169623
diag_2_250.92,0.0003775060454122867
acarbose_Steady,0.0003758243915129479
diag_1_790,0.00037425716223668526
diag_2_787,0.0003739181475980333
diag_1_250.81,0.00037338707765679715
diag_3_410,0.0003721185383853881
diag_3_562,0.00037003757451451396
diag_2_250.82,0.00036899753815694113
diag_3_416,0.00036785226244777396
diag_1_532,0.00036759992184707424
diag_2_278,0.0003669547400498683
diag_1_730,0.0003668143804498458
diag_1_444,0.00036598701711705454
medical_specialty_Hematology/Oncology,0.0003625900768219154
diag_3_577,0.00036253652921354885
diag_2_250.4,0.0003614011576077201
diag_3_V43,0.00035965400190485106
diag_1_557,0.0003591015149330233
diag_3_250.7,0.00035663518924367184
pioglitazone_Up,0.0003564837491204477
diag_3_112,0.0003551413490619537
diag_3_284,0.0003544851126067338
diag_3_V10,0.0003541330920278814
diag_1_805,0.00034900458685957654
diag_1_436,0.0003489600458599117
diag_1_443,0.00034867978391614
diag_2_250.7,0.00034695716673693974
diag_1_348,0.00034589447370483596
diag_3_515,0.0003457816904741944
medical_specialty_Pediatrics,0.0003455592671400854
diag_2_569,0.00034186348596214035
diag_3_730,0.000341444463620731
diag_3_304,0.00033569212044337176
diag_2_284,0.00033399936667458243
diag_1_424,0.000333054776946131
diag_1_564,0.00033258872748600127
diag_3_715,0.00033191616081353417
diag_2_196,0.00033095133284644193
diag_2_348,0.0003300812804532022
diag_2_296,0.0003295076520428941
diag_2_396,0.0003288120367007391
diag_3_250.51,0.0003278271707925992
diag_2_593,0.00032774900768539947
diag_1_536,0.00032740227227566905
diag_2_515,0.0003247960937849837
diag_1_250,0.000324277023406447
diag_1_648,0.0003224196696853629
diag_2_263,0.0003181421228617705
diag_3_E849,0.00031549121127684936
diag_2_304,0.0003105680206819544
diag_3_492,0.00030843776190790916
diag_1_331,0.0003072197919327343
diag_2_433,0.0003035109512094737
diag_2_710,0.00030081007725657553
diag_3_433,0.0003003152306068393
diag_2_E888,0.0002994068395212
diag_3_729,0.00029899755026772587
diag_2_244,0.0002948499961029029
diag_2_V85,0.00029320739461631415
diag_1_398,0.0002931551625390815
diag_3_286,0.00029257615537665085
diag_1_250.41,0.0002915409539285445
diag_1_537,0.0002862140203734921
diag_2_507,0.00028534146964422845
diag_3_781,0.0002804434811185069
diag_3_38,0.00028020734824915725
diag_1_721,0.0002801264501536079
diag_3_574,0.0002752429998045983
diag_3_553,0.0002746938885326035
diag_3_E878,0.0002745543141362358
diag_1_540,0.0002725340690800673
diag_3_591,0.00027176583118588605
diag_3_564,0.0002703486655429025
diag_2_458,0.00026977278193050764
diag_1_808,0.00026774127209310705
diag_3_397,0.0002672075382023579
diag_2_294,0.0002643762711755989
diag_2_V58,0.00026335131477240936
diag_1_576,0.0002630593179502822
diag_3_404,0.00026202371040427914
medical_specialty_Hematology,0.00026201530727085074
diag_2_562,0.0002614734545997375
diag_3_782,0.0002599206998960933
diag_1_431,0.00025968403653031267
diag_1_515,0.0002594778074665891
diag_1_593,0.0002594447236034478
diag_3_250.5,0.000258900626650247
diag_1_250.22,0.000256345555354001
diag_1_438,0.0002557327764930853
diag_1_250.03,0.00025485090618445304
diag_1_157,0.000254741991616428
diag_2_250.81,0.0002542917814814308
diag_2_590,0.00025402237022058353
diag_1_202,0.0002537889260414062
diag_2_250.13,0.000253621001150863
diag_2_153,0.00025137848925790634
diag_2_135,0.00025131933919569243
diag_2_203,0.0002491110275717498
diag_3_250.82,0.00024897661717364637
diag_2_300,0.00024473107499819763
diag_3_724,0.0002446978463852513
diag_1_823,0.00024383012787643655
diag_3_250.03,0.00024261197647245574
diag_1_413,0.0002414049810713482
diag_1_781,0.00024134327641179602
diag_2_444,0.00024086257565669885
medical_specialty_Neurology,0.00023869607035051412
diag_1_821,0.00023677190929113304
diag_3_710,0.00023610023543051159
diag_1_681,0.00023609211909445533
diag_2_292,0.00023467445358808152
diag_2_V15,0.0002343606936002437
diag_1_784,0.00023424197425248237
diag_1_185,0.0002337628293717071
diag_3_558,0.00023375296393633713
diag_2_E885,0.00023349570726771207
diag_3_196,0.00023337136541744816
diag_2_250.42,0.00023285977922606288
diag_2_416,0.0002322961632683045
diag_2_572,0.00023217174347828787
diag_3_719,0.00023093978964178655
diag_3_E888,0.00023080764834985525
diag_2_728,0.00023029222439893197
diag_3_731,0.00022958159351218398
diag_3_466,0.0002288666495557346
diag_1_287,0.00022873735843964248
diag_1_292,0.00022867912638578129
diag_2_724,0.00022831285106562687
diag_1_250.42,0.00022792949622303164
diag_3_569,0.000227879334007185
diag_3_332,0.00022727835494745343
diag_3_459,0.00022673324879537104
diag_3_728,0.00022588908253694874
diag_3_202,0.00022552358262539873
diag_2_250.12,0.00022453480552582145
diag_3_211,0.00022383340966778862
diag_1_294,0.0002231042404770214
payer_code_CH,0.0002228968293277167
diag_1_728,0.00022279603919576665
diag_2_722,0.0002220459905596309
diag_2_204,0.00022202098957640703
diag_1_174,0.00022101561408138857
diag_1_188,0.0002202592963354744
diag_1_189,0.00021883425407357197
diag_1_386,0.00021852537145169914
diag_2_V43,0.00021799226921709333
diag_2_286,0.00021768383884400634
diag_1_553,0.00021752572036546635
diag_1_852,0.00021573521393383998
diag_2_435,0.0002156404255381469
rosiglitazone_Up,0.00021517595461413973
diag_1_729,0.0002151504282640708
diag_2_781,0.00021475232605197654
diag_2_340,0.0002140773595092715
diag_1_441,0.0002133163470333524
diag_1_300,0.00021116413973910124
diag_2_E878,0.00020977070552449624
diag_2_558,0.0002096837320797916
diag_1_459,0.00020845288369864787
diag_2_995,0.00020836454913867672
diag_3_275,0.00020755147010896705
diag_3_255,0.00020742498865963967
diag_3_794,0.00020617557608084425
diag_1_282,0.00020485373179196054
diag_3_722,0.00020210702047583016
diag_2_157,0.00020155913139402644
diag_2_415,0.00020107312409220924
diag_3_337,0.00019901567585016487
diag_3_288,0.00019596851277426416
diag_2_242,0.00019593327979004958
diag_1_79,0.00019525073604154784
diag_1_487,0.00019501551461582534
diag_1_432,0.00019372179996164098
diag_1_291,0.00019139199577301327
diag_2_466,0.00019015148645842904
diag_1_211,0.00018927756158113152
weight_[125-150),0.00018864258320291908
repaglinide_Up,0.0001881267875211872
diag_3_507,0.00018748816437316626
diag_3_V85,0.00018713423505451203
medical_specialty_Endocrinology,0.00018633023094257256
diag_1_567,0.0001847013425809588
diag_2_715,0.00018372242146333663
diag_2_331,0.0001818045465744037
diag_1_595,0.00018138142903831756
diag_2_255,0.00018030177271658802
diag_1_288,0.00017966866907572634
diag_1_423,0.00017909346458861914
diag_2_592,0.00017828203020951716
diag_2_311,0.00017822973515835776
diag_3_714,0.00017766536964486954
diag_3_E885,0.0001775847768659649
diag_2_581,0.00017750815129641517
diag_2_42,0.0001772350936248265
diag_1_785,0.00017608787598523214
diag_1_250.2,0.00017555389373539228
diag_2_482,0.00017546286849989595
diag_1_455,0.00017485203017425873
diag_1_298,0.0001728766183637931
diag_1_425,0.00017228766454549692
diag_1_618,0.0001718799843673586
diag_1_585,0.00017076182995054344
diag_2_443,0.00017022912513876866
diag_2_576,0.00016972881236926372
diag_1_274,0.00016847799914035394
diag_1_490,0.00016666552733689182
medical_specialty_Pediatrics-Endocrinology,0.00016573242935474485
medical_specialty_Surgery-Thoracic,0.0001656071106328945
diag_2_567,0.0001655909327343682
diag_2_805,0.00016540819908141682
medical_specialty_Podiatry,0.00016506358731863154
diag_1_447,0.0001646318371521753
diag_3_V46,0.00016438909754399084
diag_3_204,0.00016417679081403202
diag_2_332,0.00016308940219872465
diag_3_250.52,0.00016284593199043316
diag_3_681,0.00016112260574712578
diag_2_456,0.0001600692147107164
diag_1_345,0.00015946395027167416
diag_1_437,0.00015945139068722572
diag_1_112,0.00015913047243918025
diag_1_182,0.00015838003686396808
diag_1_962,0.00015710615789399184
diag_2_595,0.00015688365959127287
diag_2_465,0.00015453654995151197
diag_1_53,0.0001544163205414227
diag_2_293,0.00015367932987906717
diag_1_332,0.00015365328527340048
diag_3_583,0.0001535948942443395
diag_3_592,0.00015275072503983156
diag_2_357,0.00015256423780540926
diag_3_301,0.0001524116371079317
diag_3_293,0.00015194078867820807
diag_3_242,0.0001517658026933594
diag_1_284,0.00015119992961052338
diag_1_995,0.00014970831834347994
diag_2_820,0.0001496952129539404
diag_2_729,0.0001496131373997471
payer_code_WC,0.00014928994985925333
diag_1_807,0.0001489582034410001
diag_1_608,0.00014870905014947769
diag_1_238,0.00014839444297336775
diag_2_573,0.00014783728491834136
diag_2_250.52,0.00014724220748307492
diag_2_564,0.00014695869610597908
diag_2_250.5,0.00014654433821027676
diag_2_412,0.00014640277044387193
diag_3_E932,0.0001461277736664197
diag_2_288,0.00014582484323966133
diag_1_290,0.0001458208404398817
diag_2_596,0.0001458081866710111
medical_specialty_Psychology,0.00014569825322758578
diag_1_496,0.0001453155355721323
diag_3_174,0.000145234238530795
diag_2_437,0.0001449727043458147
diag_3_573,0.00014493162361917374
diag_1_782,0.00014484972529917904
diag_3_596,0.00014429951297508325
payer_code_OT,0.0001438875706979742
diag_3_716,0.00014345157470449957
diag_2_731,0.0001433526656212304
diag_3_290,0.00014308647518488849
diag_1_311,0.00014252043194614848
diag_1_711,0.0001416340442988173
diag_3_185,0.000141571561911659
diag_1_154,0.00014129288798583734
diag_3_V49,0.0001399528198007861
diag_2_397,0.00013940945647708568
chlorpropamide_No,0.00013932878805189263
diag_2_205,0.00013860391125287947
diag_3_250.81,0.00013842156529885797
diag_3_429,0.00013827269052678424
diag_1_799,0.00013762982295236745
diag_1_924,0.00013606697736987582
diag_1_416,0.00013511187105646894
payer_code_MP,0.0001343490976005089
diag_3_153,0.0001343101828000925
diag_3_648,0.00013422568962970165
diag_3_292,0.00013357855811330194
diag_3_V09,0.0001335575915721805
diag_3_437,0.00013352600393875259
diag_3_362,0.00013317656784697
diag_2_V62,0.0001329545401376914
weight_[25-50),0.00013294968682064378
diag_3_250.43,0.00013278338890481656
diag_1_813,0.00013276304218709284
diag_3_444,0.000132694348233805
diag_3_465,0.00013251296459984073
diag_2_V54,0.00013165462213041574
diag_3_135,0.00013147372023124282
medical_specialty_Surgery-Cardiovascular,0.00013035884154530205
diag_2_V10,0.00012966456915261348
medical_specialty_Otolaryngology,0.0001293806820839067
diag_2_250.51,0.00012923221077942607
diag_3_V64,0.00012852811651945436
diag_1_250.83,0.00012818161121071873
diag_1_346,0.00012802770942711348
diag_1_969,0.000127894454918337
diag_3_203,0.00012767961427520027
diag_2_719,0.00012688575754186884
diag_3_595,0.00012659533202239421
chlorpropamide_Steady,0.00012654851884743166
diag_3_435,0.00012610589171766236
diag_3_455,0.0001255945905850048
diag_3_E879,0.00012454170035494576
diag_2_V12,0.00012391145054735256
diag_2_490,0.0001236685185168398
diag_3_327,0.00012352901297493825
diag_3_348,0.00012337551706466192
diag_1_716,0.00012197923472778267
diag_3_441,0.00012182664555045498
diag_1_253,0.00012182034556340384
diag_1_566,0.0001216002535931991
diag_2_250.43,0.00012092565069428456
diag_3_783,0.00012022410328285611
diag_2_250.11,0.0001200289086303855
diag_3_199,0.00011995080860313247
diag_2_E849,0.00011838469972016177
diag_2_721,0.00011820441739106425
diag_1_420,0.00011789811006877272
diag_1_218,0.00011749676316194178
diag_3_600,0.00011666329679180275
diag_3_E942,0.00011647829362506283
diag_1_965,0.0001151453746448379
diag_1_723,0.00011459695586500932
diag_1_293,0.00011456070295500539
diag_3_340,0.00011437243577138023
diag_1_726,0.00011416420556352188
diag_2_537,0.00011394774896618265
diag_2_575,0.00011393463092399451
diag_2_291,0.00011351351329681336
diag_2_344,0.00011170468332884716
diag_2_531,0.0001107211858353139
diag_1_V55,0.00010936833553289215
diag_3_482,0.00010879469874258788
diag_1_303,0.00010825949185141513
diag_3_490,0.00010812930971966129
medical_specialty_Radiology,0.00010803653640490062
diag_1_550,0.00010734877283978479
diag_1_788,0.00010731122309699231
diag_2_553,0.00010728459788731576
diag_2_V49,0.00010725558312294029
diag_1_719,0.00010659114188169198
diag_1_922,0.0001060458927326989
diag_2_794,0.00010561734404715859
diag_2_277,0.00010543882335215669
diag_3_572,0.00010428403332602069
diag_3_721,0.0001040691522389069
diag_3_282,0.0001039771324980566
diag_3_42,0.00010397305710911713
diag_3_309,0.00010387217576785597
diag_1_512,0.00010381844355335557
diag_2_250.1,0.00010306898400959844
diag_3_238,0.0001029407864045447
diag_3_723,0.00010257817130028143
diag_3_274,0.00010229754595230048
diag_1_481,0.00010215362050199097
payer_code_SI,0.00010098840206177716
diag_3_79,0.00010090984720554554
diag_3_447,0.00010064328781412067
diag_1_151,0.00010057275481636356
diag_1_478,9.969400401999001e-05
diag_3_250.53,9.949734815551815e-05
diag_3_531,9.936180325089853e-05
diag_1_465,9.913542415813458e-05
diag_2_337,9.879742246438721e-05
diag_1_70,9.602668548942215e-05
diag_2_568,9.590097195374595e-05
diag_1_514,9.565351155163779e-05
diag_3_291,9.556175962351797e-05
diag_2_282,9.538835315385774e-05
diag_2_345,9.499168823409798e-05
diag_1_241,9.465082643498564e-05
diag_2_211,9.447989101984932e-05
diag_1_191,9.420291358685538e-05
diag_2_681,9.38377764562066e-05
diag_3_345,9.362171484175131e-05
diag_1_519,9.360419528989273e-05
diag_2_154,9.351671397081204e-05
diag_2_250.53,9.347375730668236e-05
diag_1_281,9.344507289992637e-05
diag_1_429,9.228334097888281e-05
diag_3_298,9.211403226804851e-05
diag_1_959,9.199875265792746e-05
diag_1_250.92,9.16623422367837e-05
diag_2_782,9.163805150442311e-05
diag_1_239,9.139563604156627e-05
diag_3_568,9.109118640423403e-05
diag_1_250.23,9.10567542819165e-05
diag_3_434,9.071170826392118e-05
diag_2_E932,8.99063150820169e-05
diag_3_V54,8.983869066925146e-05
diag_1_225,8.958796855163776e-05
diag_1_625,8.922354488613061e-05
medical_specialty_Pediatrics-CriticalCare,8.911088423359863e-05
diag_1_555,8.906267249852462e-05
diag_2_290,8.886711918950972e-05
diag_1_155,8.882966630852574e-05
diag_3_590,8.862290107288873e-05
diag_1_626,8.834203041011695e-05
diag_1_573,8.802205704503605e-05
diag_2_301,8.767194870369738e-05
medical_specialty_Hospitalist,8.754547347939792e-05
diag_3_E935,8.712257708342034e-05
diag_1_340,8.687084941135458e-05
diag_1_642,8.682509247517495e-05
diag_2_446,8.679270820383462e-05
diag_3_807,8.650971895018273e-05
diag_2_150,8.612518741727517e-05
diag_2_711,8.611043921329394e-05
diag_1_738,8.587019352215655e-05
diag_1_421,8.558864432832764e-05
diag_1_275,8.543188589758091e-05
weight_[0-25),8.490096656946026e-05
diag_1_654,8.395364280668516e-05
diag_1_822,8.381123172136191e-05
medical_specialty_InfectiousDiseases,8.36413698000014e-05
diag_2_189,8.270647375185734e-05
diag_2_309,8.224157336082147e-05
diag_3_157,8.208967675813694e-05
diag_3_138,8.207996075083643e-05
diag_3_456,8.171781271006068e-05
diag_2_808,8.16160005931185e-05
diag_1_714,8.070384759584251e-05
diag_3_473,8.050076963384646e-05
diag_1_203,7.983215555462314e-05
diag_2_552,7.959622003379034e-05
diag_1_596,7.9371205793702e-05
diag_2_253,7.929459150275856e-05
diag_2_441,7.904175466285334e-05
diag_3_346,7.85882372987232e-05
diag_1_586,7.853812916555161e-05
diag_3_218,7.840706128500234e-05
diag_2_625,7.796278720162085e-05
diag_1_860,7.788092443629178e-05
diag_3_576,7.730197520147006e-05
diag_2_250.83,7.726407535475742e-05
diag_1_727,7.70471027248016e-05
diag_2_873,7.679954186619598e-05
diag_2_812,7.641312943740685e-05
diag_3_253,7.636423224305407e-05
diag_2_E879,7.629155593077469e-05
diag_3_250.12,7.58975879768967e-05
diag_1_358,7.532202187134738e-05
diag_2_723,7.509461839877641e-05
diag_1_451,7.472357566766994e-05
diag_2_447,7.463747758543841e-05
tolazamide_Steady,7.446908333508953e-05
diag_1_644,7.433367591186358e-05
diag_3_575,7.429286711826032e-05
diag_2_V63,7.411320723795401e-05
diag_2_250.22,7.401478735782867e-05
diag_1_250.43,7.385009044239876e-05
diag_3_281,7.373207722470958e-05
diag_1_250.01,7.36611657496345e-05
diag_1_42,7.332221886813427e-05
diag_1_286,7.301736400369362e-05
diag_3_924,7.272752017459258e-05
diag_2_156,7.263555526697468e-05
diag_1_485,7.259350722200458e-05
diag_2_459,7.227940752094507e-05
diag_1_604,7.201240569692541e-05
diag_1_556,7.160180870467393e-05
diag_1_333,7.134695803709912e-05
medical_specialty_Osteopath,7.116776809861992e-05
diag_1_620,7.052760780854793e-05
diag_2_802,7.026610831789172e-05
diag_3_344,7.025766643428912e-05
diag_2_E947,7.025208219226664e-05
medical_specialty_Surgery-Plastic,7.020264906437115e-05
diag_3_289,7.014421299972127e-05
diag_2_283,6.99060471310946e-05
diag_2_516,6.983619106437748e-05
diag_1_204,6.952700422656665e-05
diag_1_Unknown,6.929652805751901e-05
diag_3_398,6.9182161999639e-05
diag_3_277,6.874742880350868e-05
diag_1_516,6.854281174666721e-05
diag_1_349,6.853260317661033e-05
diag_3_519,6.826655394228378e-05
diag_1_967,6.784533279725435e-05
diag_3_625,6.746661183896992e-05
diag_3_E947,6.738080308431127e-05
diag_1_853,6.729802305070646e-05
diag_2_714,6.715352950349029e-05
diag_2_512,6.676373676097411e-05
diag_2_94,6.642226284799662e-05
diag_3_338,6.568464526167175e-05
diag_1_851,6.554257541123604e-05
diag_3_E944,6.528221213674287e-05
diag_1_255,6.514785150013577e-05
diag_2_557,6.514110352560858e-05
diag_1_611,6.510393549435835e-05
diag_3_711,6.499142888721623e-05
diag_1_V54,6.481566060898567e-05
miglitol_No,6.45197536765858e-05
diag_2_238,6.431519778370816e-05
diag_2_570,6.35953220668022e-05
diag_1_802,6.348180932878117e-05
diag_3_873,6.33609297095981e-05
diag_3_588,6.33434218013336e-05
diag_2_358,6.306355094239746e-05
diag_3_517,6.302415995622453e-05
diag_3_512,6.29507703774832e-05
diag_2_680,6.289612862897325e-05
diag_1_193,6.25943831172579e-05
diag_1_277,6.215362263072722e-05
diag_1_9,6.13994713142028e-05
diag_3_920,6.13737623415594e-05
weight_[150-175),6.134235055226897e-05
diag_3_394,6.124636784293191e-05
diag_2_138,6.10898942121789e-05
diag_3_805,6.090381194387399e-05
diag_2_349,6.051873321129992e-05
diag_2_298,6.0432947114055064e-05
diag_3_614,6.041289102125464e-05
diag_1_783,6.028728813416152e-05
diag_1_801,6.020776946400738e-05
diag_3_812,6.019236314893927e-05
diag_2_368,5.977464658738554e-05
diag_2_611,5.950850555601072e-05
diag_2_V64,5.947093880976533e-05
diag_1_150,5.945810021294507e-05
diag_1_693,5.943427280583444e-05
diag_3_727,5.849568859591283e-05
diag_2_155,5.8413862201163484e-05
diag_1_396,5.8382541071224626e-05
diag_1_338,5.814416733572828e-05
diag_3_53,5.8137305764298954e-05
diag_2_53,5.810648560247899e-05
diag_1_850,5.750620940605759e-05
diag_3_446,5.7350259925522896e-05
diag_1_82,5.7330255857515216e-05
diag_1_242,5.7237160923471855e-05
diag_1_351,5.7205397287235735e-05
diag_2_398,5.719905088544145e-05
diag_2_319,5.69037777967578e-05
diag_2_600,5.6785328366943675e-05
diag_3_415,5.629268346968922e-05
diag_1_456,5.616937170904205e-05
diag_3_478,5.6128786080365604e-05
diag_1_920,5.598915041115808e-05
diag_1_494,5.575149248839299e-05
diag_2_999,5.571342333439253e-05
diag_3_261,5.551683388237785e-05
diag_1_305,5.4984224210556155e-05
diag_3_319,5.495313458117614e-05
diag_3_E934,5.489895971956435e-05
diag_1_442,5.4862093896363474e-05
diag_1_183,5.4638988176503164e-05
diag_1_V53,5.456349841819383e-05
diag_3_E884,5.415348391666333e-05
diag_1_492,5.410761354877037e-05
diag_2_455,5.3943073073185376e-05
diag_3_442,5.384200411670013e-05
medical_specialty_Surgeon,5.356572030708914e-05
diag_3_356,5.3377555217322856e-05
diag_1_200,5.290904137507546e-05
diag_1_309,5.290576977290364e-05
diag_3_999,5.290323267445297e-05
diag_2_289,5.287404515080298e-05
diag_3_457,5.2859789182078075e-05
diag_1_568,5.256393117661739e-05
diag_2_738,5.2503545445053675e-05
diag_1_646,5.2338146393988314e-05
diag_1_972,5.1955228244504805e-05
diag_1_297,5.193886344614353e-05
diag_2_183,5.17772313961475e-05
diag_1_250.93,5.1606221100629904e-05
diag_1_220,5.155481350132435e-05
diag_3_369,5.127698948643952e-05
diag_2_E942,5.1194608286411046e-05
diag_2_185,5.114315434891835e-05
diag_1_250.3,5.090250268669303e-05
diag_2_736,5.087808385486575e-05
diag_1_199,5.0818419202402256e-05
diag_2_174,5.0738024213224756e-05
diag_2_716,5.0674240261068015e-05
diag_1_794,5.063687100201827e-05
diag_3_726,5.061613443228454e-05
diag_2_583,5.0512836650285795e-05
medical_specialty_Gynecology,5.020997654818322e-05
diag_1_263,5.016465973504572e-05
diag_2_481,4.976396101173203e-05
diag_3_555,4.969303301536981e-05
diag_3_709,4.955646810143794e-05
diag_3_693,4.937291931925122e-05
diag_2_920,4.9363860383533206e-05
diag_1_227,4.924466745644491e-05
diag_1_196,4.911375314350456e-05
diag_2_327,4.9097836671655055e-05
diag_2_432,4.8940909799645515e-05
diag_2_151,4.871855796967183e-05
medical_specialty_Ophthalmology,4.8566013349539155e-05
diag_1_250.31,4.850967685907968e-05
diag_3_537,4.823407246844521e-05
diag_2_394,4.8172058953409454e-05
diag_2_421,4.792515230675158e-05
diag_3_532,4.789368150759117e-05
diag_2_250.93,4.780002971192031e-05
diag_1_357,4.76329700845909e-05
diag_2_532,4.7600913427059066e-05
diag_1_457,4.7098516721257574e-05
diag_1_233,4.7078429049562675e-05
diag_2_473,4.700466678751583e-05
diag_3_V08,4.667730213226669e-05
diag_1_710,4.6628667922883636e-05
diag_1_534,4.647571718668091e-05
diag_2_281,4.629900247990613e-05
diag_3_189,4.6284060306987715e-05
diag_2_E935,4.603714083919862e-05
diag_2_500,4.5806322538440334e-05
diag_3_V62,4.5717064377161984e-05
diag_1_235,4.53824389688352e-05
diag_3_250.83,4.506340193288169e-05
diag_2_850,4.4940407613779217e-05
diag_1_718,4.488094412334268e-05
diag_3_567,4.48003370449132e-05
diag_1_327,4.4604092304398176e-05
diag_2_429,4.446386431857747e-05
diag_1_251,4.4432315726780506e-05
diag_1_289,4.402819972138702e-05
diag_2_346,4.401282728254734e-05
diag_3_117,4.3936400021297635e-05
diag_3_183,4.367178339122055e-05
diag_3_368,4.359620738114352e-05
diag_1_307,4.3365404188325464e-05
diag_3_461,4.320389563008068e-05
diag_2_274,4.3128370225534506e-05
diag_3_188,4.3045639765711076e-05
miglitol_Steady,4.299673936579141e-05
diag_1_533,4.297403882291458e-05
diag_3_521,4.297212690963997e-05
diag_3_154,4.281092229391908e-05
diag_2_727,4.27044000987752e-05
diag_1_350,4.24260090380084e-05
diag_3_365,4.2359863598648877e-05
diag_1_446,4.2293051398611106e-05
diag_2_V09,4.22738696708542e-05
diag_3_250.11,4.2207043107205974e-05
diag_3_533,4.217799935809935e-05
diag_3_820,4.2134268948004275e-05
diag_2_840,4.211102302312721e-05
diag_1_312,4.196722804083868e-05
diag_2_792,4.1837355980111416e-05
diag_2_E884,4.175601193435443e-05
diag_3_V65,4.150956047292592e-05
diag_2_199,4.1341937067453895e-05
diag_1_152,4.1325451791718865e-05
diag_1_475,4.1234000739743484e-05
diag_1_205,4.121679743108908e-05
medical_specialty_Rheumatology,4.1086654393166445e-05
diag_2_110,4.104129310555908e-05
diag_2_312,4.1034032613511616e-05
diag_2_618,4.0926281464650084e-05
diag_1_527,4.091597448728934e-05
diag_2_200,4.0907914372982996e-05
diag_3_343,4.0762581795225725e-05
diag_2_783,4.069149168151554e-05
diag_1_607,4.051889549203413e-05
diag_1_359,4.051001354331891e-05
diag_2_307,4.047706123285594e-05
diag_2_152,4.043866209956727e-05
diag_2_555,4.042862376842009e-05
medical_specialty_Obsterics&Gynecology-GynecologicOnco,4.0383111089591684e-05
diag_3_423,4.0370113865403436e-05
diag_1_250.32,4.036796561551004e-05
diag_2_958,4.0261353594372464e-05
diag_1_964,4.0127612185094525e-05
diag_3_250.93,3.991652163085328e-05
diag_2_338,3.987301088988023e-05
diag_3_273,3.9847867939629354e-05
diag_1_966,3.983789720401516e-05
diag_3_V44,3.975680178615517e-05
diag_1_825,3.975457082952111e-05
diag_1_510,3.972693045982891e-05
diag_3_310,3.960654277036528e-05
diag_3_E950,3.95963903682859e-05
diag_3_E880,3.958981357710901e-05
diag_3_312,3.9587881551361205e-05
diag_2_745,3.956232142575245e-05
diag_2_934,3.954331767910903e-05
diag_1_588,3.935119935095075e-05
medical_specialty_Anesthesiology-Pediatric,3.9326333912756036e-05
diag_2_431,3.926815676573342e-05
diag_2_E939,3.9216533986461296e-05
diag_1_283,3.921564495065134e-05
diag_1_933,3.9185076127802425e-05
medical_specialty_Pathology,3.906148105699949e-05
diag_1_368,3.882150891055946e-05
diag_1_252,3.881466463837358e-05
diag_3_477,3.871723612766097e-05
diag_3_824,3.871096355498319e-05
diag_1_617,3.859565824342565e-05
diag_2_423,3.855304406742628e-05
diag_2_620,3.8519031509000116e-05
diag_3_333,3.821028827085731e-05
diag_1_473,3.804303020135424e-05
diag_1_480,3.7900766201688975e-05
diag_3_696,3.78931241039574e-05
diag_2_959,3.778727684771081e-05
diag_1_526,3.7686496635201345e-05
diag_2_436,3.7548668443727474e-05
diag_2_608,3.749643583794639e-05
medical_specialty_Pediatrics-Pulmonology,3.7404762488688836e-05
diag_2_451,3.722112938812284e-05
diag_3_110,3.7094665319301294e-05
diag_3_737,3.701983771691142e-05
diag_3_791,3.6956675007116035e-05
diag_2_813,3.671155449030013e-05
diag_2_275,3.6583579805480834e-05
diag_1_250.33,3.650404023438629e-05
diag_1_356,3.647819077602196e-05
diag_1_380,3.6354254966565464e-05
diag_2_750,3.630470314405103e-05
diag_2_420,3.614891276856914e-05
diag_3_642,3.604931095475794e-05
diag_1_430,3.592676539552122e-05
diag_3_552,3.586504349077943e-05
diag_1_135,3.58469212895405e-05
diag_3_522,3.57253398618084e-05
diag_3_959,3.569705070424594e-05
diag_2_601,3.5422668405000904e-05
medical_specialty_SurgicalSpecialty,3.535949851562247e-05
diag_3_156,3.533934318030181e-05
diag_3_708,3.524989158109151e-05
diag_3_792,3.507961244736818e-05
diag_2_807,3.5049854210287387e-05
diag_3_725,3.4965185059500935e-05
diag_3_557,3.4782963330472555e-05
diag_3_620,3.460954237256853e-05
diag_2_201,3.4595963785624384e-05
diag_1_47,3.4583339713817085e-05
diag_3_617,3.449230431283459e-05
diag_3_686,3.442874675119639e-05
diag_1_171,3.438678360053842e-05
diag_2_860,3.4239417551093475e-05
diag_3_283,3.419409829877478e-05
tolbutamide_Steady,3.403351520219319e-05
diag_1_999,3.397267185135689e-05
diag_1_736,3.39690299870586e-05
diag_3_V60,3.386557289522957e-05
diag_3_349,3.378444654459354e-05
diag_1_958,3.3780541084356775e-05
diag_2_696,3.3695858270389636e-05
diag_3_753,3.358820763575102e-05
diag_2_519,3.3572556800444527e-05
diag_3_570,3.349327717369017e-05
diag_1_V56,3.326737922257195e-05
diag_2_487,3.3105950295742666e-05
diag_2_E950,3.309494758224017e-05
diag_3_646,3.295623442430468e-05
diag_2_260,3.2925215090657315e-05
diag_3_751,3.2885426576624767e-05
diag_3_713,3.287598864917087e-05
diag_2_478,3.282670622546887e-05
diag_2_556,3.28179075407738e-05
diag_2_261,3.2813295910125436e-05
diag_3_462,3.2677767845355826e-05
diag_1_250.21,3.2664713401159765e-05
diag_3_813,3.256353160199501e-05
diag_1_594,3.2398698017098546e-05
diag_3_909,3.2378342339921765e-05
diag_2_821,3.235903657564196e-05
diag_2_494,3.2075807311504784e-05
diag_3_E930,3.204919541146501e-05
medical_specialty_Surgery-Colon&Rectal,3.2037707561711436e-05
diag_2_335,3.1916839526228853e-05
diag_2_823,3.166383027205911e-05
diag_3_405,3.1499862419147656e-05
diag_1_844,3.1296603908026525e-05
diag_3_808,3.125675781493356e-05
diag_2_E880,3.100783847571087e-05
diag_3_616,3.0916628761487e-05
medical_specialty_PhysicianNotFound,3.0667821823177324e-05
diag_3_514,3.064921171998703e-05
diag_3_598,3.057523695771978e-05
diag_1_989,3.034636750152191e-05
diag_1_935,3.0327242043440103e-05
diag_1_627,3.027620325081347e-05
diag_3_840,3.0188195945414902e-05
diag_2_746,3.0051888924560623e-05
diag_2_566,3.0035706086568188e-05
diag_3_252,2.9951374631653724e-05
diag_3_698,2.9912369517663874e-05
diag_2_845,2.979687733811231e-05
diag_3_494,2.9718191549015245e-05
diag_1_304,2.9709421596200326e-05
diag_3_250.13,2.9664803868184243e-05
diag_2_452,2.9569168267160714e-05
diag_3_155,2.9520757112783795e-05
diag_2_252,2.9203919233122053e-05
diag_1_522,2.905019743217151e-05
diag_3_601,2.901341931107746e-05
diag_3_E927,2.8941805480729028e-05
diag_2_742,2.8921916513562092e-05
diag_1_616,2.891386526568756e-05
diag_1_591,2.8875378428356353e-05
diag_1_195,2.886247533065305e-05
diag_3_922,2.884175389981847e-05
medical_specialty_Cardiology-Pediatric,2.8744657892995508e-05
diag_1_643,2.846797081036673e-05
medical_specialty_Anesthesiology,2.8440543859824785e-05
diag_2_79,2.836172135498044e-05
diag_3_608,2.8316821066845076e-05
diag_3_E939,2.8212462523885142e-05
diag_1_570,2.815364284643291e-05
diag_2_362,2.809277825296522e-05
diag_2_614,2.7958093980559763e-05
diag_3_556,2.794404890358835e-05
diag_1_306,2.7902691000764723e-05
diag_3_692,2.78380167781268e-05
diag_1_158,2.7829387732514072e-05
diag_2_586,2.7785633662536033e-05
diag_3_94,2.7736660676555575e-05
diag_2_454,2.771405271074024e-05
diag_2_191,2.7653429344921802e-05
diag_3_524,2.7579396472293636e-05
medical_specialty_OutreachServices,2.7555419857835252e-05
diag_1_445,2.7361204402478983e-05
diag_1_383,2.7284144337093274e-05
diag_1_376,2.7144535523325307e-05
diag_1_464,2.711102654903679e-05
diag_3_V66,2.7110865122968932e-05
diag_1_156,2.710262995210833e-05
diag_1_658,2.6978858592708037e-05
diag_2_218,2.6951712192367455e-05
diag_2_533,2.689962007501095e-05
diag_2_705,2.6773018694494997e-05
diag_3_802,2.6589977008067845e-05
diag_2_V08,2.5929832982386462e-05
diag_3_736,2.586723924001328e-05
diag_1_5,2.582541428818385e-05
diag_1_695,2.5786712711140414e-05
diag_3_607,2.5678187458970917e-05
diag_3_205,2.565532133803478e-05
glipizide-metformin_Steady,2.5601134624186003e-05
diag_2_V44,2.5525935029169722e-05
diag_2_726,2.5396414904146046e-05
diag_1_513,2.5258225945111234e-05
diag_3_201,2.513607502305547e-05
diag_3_250.22,2.5087544387565475e-05
diag_1_271,2.5078041270295205e-05
diag_3_V27,2.5050726415073803e-05
diag_3_358,2.491743465311296e-05
diag_3_V17,2.4862884405807124e-05
diag_1_310,2.485744220311761e-05
diag_2_924,2.4853793569675465e-05
diag_1_355,2.4735723587732625e-05
diag_2_E928,2.4640982009752477e-05
diag_3_618,2.4405996505962174e-05
diag_3_E928,2.434436501751862e-05
diag_3_V63,2.4309733003480742e-05
diag_2_250.2,2.4177894126955197e-05
diag_1_34,2.416398026336908e-05
diag_3_V14,2.4161801287005922e-05
diag_2_642,2.41289975256062e-05
diag_3_892,2.4128460813525603e-05
diag_1_614,2.405316918869406e-05
diag_2_617,2.402518625103439e-05
diag_3_297,2.3931007219452868e-05
diag_3_E816,2.3930783084000916e-05
diag_2_233,2.39130555062527e-05
diag_1_731,2.390007042674505e-05
diag_2_E934,2.385644255615803e-05
diag_1_201,2.3726815197071745e-05
diag_3_619,2.36246766318307e-05
diag_2_513,2.3504162721549984e-05
diag_3_712,2.3313123539808868e-05
diag_3_586,2.3254779923846973e-05
diag_1_506,2.321987889351569e-05
diag_2_824,2.3047738746322546e-05
diag_2_753,2.2749327800930512e-05
diag_2_320,2.2719928313360756e-05
diag_3_861,2.2686742257466478e-05
diag_2_693,2.2630900295894626e-05
diag_3_378,2.2613330016023933e-05
diag_3_420,2.2560867719496734e-05
diag_2_V17,2.2537928235596993e-05
diag_2_386,2.240036987552181e-05
diag_1_873,2.2360104062646307e-05
diag_1_529,2.2347914429030612e-05
diag_3_913,2.2222922143599627e-05
diag_3_266,2.221283560615383e-05
diag_1_146,2.2161084930870066e-05
medical_specialty_Obstetrics,2.1928402010306982e-05
diag_2_913,2.185438930431975e-05
diag_2_510,2.1838925114904763e-05
diag_1_659,2.176080740383433e-05
diag_2_136,2.1556148927522947e-05
diag_3_179,2.139178854324346e-05
diag_1_521,2.1331490683624327e-05
nateglinide_Up,2.130730787578443e-05
diag_3_680,2.1306025126972577e-05
diag_3_250.91,2.1278221063684453e-05
diag_1_694,2.1074543162796836e-05
diag_1_461,2.1047503128686124e-05
diag_2_382,2.0998832871032925e-05
diag_3_436,2.0986489642565617e-05
diag_1_94,2.095431449769194e-05
diag_3_200,2.09248748347565e-05
diag_2_867,2.0903239674552e-05
diag_3_432,2.0882856483896132e-05
diag_1_952,2.081876858608676e-05
diag_2_627,2.0782656832509588e-05
diag_3_E931,2.0759070014074503e-05
diag_2_522,2.0672401054572586e-05
diag_2_709,2.061778438443003e-05
diag_3_745,2.0532609572653465e-05
diag_1_942,2.0513228521259433e-05
diag_1_882,2.048410672321777e-05
diag_1_354,2.046943730767646e-05
diag_3_823,2.0454800604256177e-05
diag_3_307,2.0404619906592817e-05
diag_3_605,2.0400349010533803e-05
diag_3_582,2.0336589987740645e-05
diag_1_904,2.029126000449299e-05
diag_3_534,2.0260133000693838e-05
diag_1_581,2.0105240652623773e-05
acarbose_Up,2.0100245632567503e-05
diag_3_506,2.0041297250433144e-05
diag_1_890,2.0040428533644593e-05
diag_3_V55,1.9974970050113023e-05
diag_2_258,1.9934981965374993e-05
diag_2_377,1.993374846003801e-05
diag_3_991,1.983172512078982e-05
diag_1_725,1.981909173841128e-05
diag_1_968,1.979841127933622e-05
diag_2_262,1.9730122222003198e-05
diag_2_54,1.9596142812597597e-05
diag_3_580,1.957826996800648e-05
diag_3_660,1.947463010028638e-05
diag_3_695,1.9446833187941732e-05
diag_3_250.9,1.939927414144118e-05
diag_1_397,1.933841625143765e-05
diag_3_454,1.9325683624359705e-05
diag_1_3,1.9277502871813894e-05
diag_3_383,1.9253750227921552e-05
diag_3_738,1.9238157082143663e-05
diag_3_626,1.9139389234915652e-05
diag_2_462,1.8945225844070315e-05
diag_2_626,1.8929835076278307e-05
diag_1_971,1.8916253899254736e-05
diag_3_891,1.8641964053044798e-05
diag_3_380,1.8572660341869335e-05
diag_2_E937,1.851636548919844e-05
diag_3_627,1.8431741967970252e-05
diag_3_150,1.843118978716353e-05
diag_1_394,1.8419465820115385e-05
diag_2_933,1.8413142497152575e-05
diag_3_750,1.8368312853143658e-05
diag_3_867,1.8362726150239502e-05
diag_3_386,1.8299047811467624e-05
medical_specialty_Psychiatry-Child/Adolescent,1.829752721380639e-05
diag_3_917,1.8257777020353436e-05
diag_3_E817,1.8192628568526145e-05
diag_1_528,1.8176601556491703e-05
diag_3_659,1.8172179242375697e-05
diag_3_516,1.816608848041715e-05
diag_2_E936,1.809535815837696e-05
diag_3_E887,1.808091121088034e-05
diag_1_709,1.8004371150311964e-05
diag_3_382,1.7996316264340304e-05
diag_2_905,1.7976067288451604e-05
diag_2_989,1.7941687290302364e-05
diag_2_V65,1.7938538165731383e-05
diag_1_867,1.7937274631097965e-05
diag_3_251,1.7936878511991397e-05
diag_2_241,1.792074841939666e-05
diag_1_753,1.7907531808142408e-05
diag_1_601,1.777006526214682e-05
diag_1_54,1.776868485268461e-05
diag_2_V46,1.7679162863194872e-05
diag_2_540,1.7675922844484593e-05
diag_3_389,1.7641263757239244e-05
diag_2_480,1.7640548030957343e-05
diag_3_E946,1.7634182532075173e-05
diag_3_744,1.762001390935336e-05
diag_2_9,1.759111618230952e-05
diag_3_451,1.757881719241613e-05
diag_2_V18,1.7496495648238394e-05
diag_3_597,1.7429191808246134e-05
diag_3_741,1.7366884516329388e-05
diag_2_442,1.723687715493039e-05
diag_2_279,1.7203789932216506e-05
diag_1_226,1.7182296418604007e-05
diag_3_E812,1.7082601712192814e-05
diag_1_341,1.703215982771145e-05
diag_2_457,1.6919145040420722e-05
diag_2_706,1.6896034454793126e-05
diag_3_225,1.6889134807889224e-05
diag_3_E937,1.6558655719183066e-05
diag_1_88,1.6535813902846653e-05
diag_2_34,1.6534914927527245e-05
diag_2_336,1.648065054494741e-05
diag_2_378,1.6470042046501138e-05
diag_2_333,1.6439508486220896e-05
diag_3_905,1.6413633406259416e-05
diag_3_989,1.6392172277427436e-05
diag_1_977,1.6375808888852077e-05
diag_2_V57,1.636299406195445e-05
diag_3_208,1.6210548004831247e-05
diag_1_163,1.6182053663518255e-05
diag_3_336,1.609627353271509e-05
diag_3_256,1.6089111680276407e-05
diag_2_852,1.6079590838852415e-05
diag_2_251,1.6063879061499962e-05
diag_3_934,1.6010469998677094e-05
diag_2_528,1.6006741574994966e-05
diag_2_356,1.5976161425570865e-05
diag_3_604,1.58639533643167e-05
diag_1_621,1.5862551170441944e-05
diag_3_233,1.5861032964753895e-05
diag_3_250.1,1.576381207796882e-05
diag_1_847,1.5734386418078872e-05
diag_3_365.44,1.5672261660445903e-05
diag_1_208,1.5669727640109585e-05
diag_1_352,1.5613798185551485e-05
diag_1_843,1.559105618599414e-05
diag_2_354,1.5527348490565505e-05
diag_3_611,1.540582602723721e-05
diag_1_347,1.5362959733953286e-05
diag_3_E922,1.531290646267247e-05
diag_2_343,1.530021633741107e-05
diag_1_696,1.5247472766510915e-05
diag_1_551,1.5189154843079456e-05
diag_1_541,1.509774582479788e-05
weight_[175-200),1.5016741226068237e-05
diag_1_565,1.4997573470421705e-05
diag_2_193,1.4991864739850778e-05
diag_1_840,1.4956254979793376e-05
diag_1_374,1.4870110274131926e-05
diag_1_337,1.4850602857086895e-05
diag_3_921,1.4812095400439264e-05
diag_1_815,1.4809521408124081e-05
diag_3_E929,1.48091348575377e-05
diag_2_369,1.4738745794609676e-05
diag_2_517,1.4719115998780516e-05
diag_2_550,1.4676737707494727e-05
diag_3_965,1.4673134042079353e-05
diag_1_141,1.4659865425328168e-05
diag_2_117,1.4645262892001104e-05
diag_1_845,1.463130257215157e-05
diag_2_E924,1.4621545223295902e-05
diag_1_272,1.4612111373051674e-05
diag_2_825,1.4580359783993614e-05
diag_1_391,1.4541136294048193e-05
diag_3_347,1.4509140228357893e-05
diag_1_826,1.4505030160355412e-05
diag_3_694,1.4458710324441593e-05
diag_1_462,1.4433288256118992e-05
diag_2_747,1.4410041415645735e-05
diag_1_452,1.4355010205686045e-05
diag_1_656,1.4328082406648209e-05
diag_2_594,1.4145857907476534e-05
diag_2_514,1.4132885671440783e-05
diag_3_355,1.4113661679352408e-05
diag_3_341,1.4076206712210666e-05
diag_3_V02,1.4037263046332256e-05
diag_1_792,1.4005137871627003e-05
diag_1_717,1.3988105664056571e-05
diag_1_934,1.3981447726261163e-05
diag_2_317,1.3841726971052954e-05
diag_1_816,1.3832571913915845e-05
diag_3_192,1.382268225977467e-05
diag_3_501,1.3811393697763816e-05
diag_2_826,1.3759759111785707e-05
diag_3_523,1.375429005990531e-05
diag_2_220,1.3702383213631933e-05
diag_2_616,1.366418885646116e-05
diag_2_365,1.3596528048676274e-05
diag_3_793,1.3581114187171086e-05
diag_1_685,1.356922393611894e-05
diag_3_801,1.3503247298298936e-05
diag_1_250.52,1.3488737075921772e-05
diag_1_35,1.346311463451163e-05
diag_3_131,1.3386467763194315e-05
diag_1_891,1.338331224160851e-05
diag_2_796,1.3372452815186373e-05
diag_3_54,1.33355617057309e-05
chlorpropamide_Up,1.3331081247563627e-05
diag_2_40,1.3264672525289519e-05
diag_1_117,1.3231753234365315e-05
diag_1_661,1.3189358454876972e-05
diag_3_796,1.3129612694581542e-05
diag_3_141,1.3073295080043935e-05
diag_3_262,1.3067529270057494e-05
diag_3_452,1.3060847177496556e-05
diag_1_861,1.304099793239596e-05
diag_2_V61,1.3022108718997097e-05
diag_3_260,1.2909612025525021e-05
diag_1_508,1.2907828869330587e-05
diag_3_391,1.286353326240419e-05
diag_3_223,1.275463251511687e-05
diag_3_V57,1.2664457044797681e-05
diag_1_11,1.2565238354058092e-05
diag_1_686,1.254473533725033e-05
diag_3_317,1.2524506686176794e-05
diag_1_991,1.2511046947801445e-05
diag_3_354,1.2469253703827075e-05
diag_2_649,1.2451180379974368e-05
diag_1_23,1.2417865530575649e-05
diag_3_E876,1.2390246736456651e-05
diag_1_708,1.2308244682163697e-05
diag_3_852,1.228756236365689e-05
diag_2_214,1.228528563852665e-05
diag_3_236,1.2280826385269618e-05
diag_3_372,1.2276804649682677e-05
diag_3_487,1.2190705966547321e-05
diag_2_692,1.2160197237534169e-05
diag_2_314,1.2137634730364711e-05
diag_2_359,1.2119749881459377e-05
diag_3_883,1.20289000593572e-05
diag_1_928,1.1950371566518011e-05
diag_1_892,1.1944983082190226e-05
diag_3_481,1.1943915842589592e-05
diag_1_623,1.1914656997877653e-05
diag_1_579,1.1861350961447069e-05
diag_2_579,1.1818081989627907e-05
diag_3_49,1.181496411772637e-05
diag_3_908,1.1811212601443456e-05
diag_1_906,1.177084165233338e-05
diag_2_E930,1.1737142001101263e-05
diag_3_270,1.172249610816306e-05
diag_3_306,1.1716413282219117e-05
diag_3_705,1.1706762048913297e-05
diag_3_579,1.165397923406699e-05
diag_3_151,1.1648223618770817e-05
diag_3_E881,1.163673329624171e-05
diag_1_680,1.1605062563321931e-05
diag_3_318,1.1582542146360993e-05
diag_3_594,1.158066643580162e-05
diag_2_380,1.1548957320430356e-05
diag_1_184,1.1479909258248243e-05
diag_1_161,1.1404724687826744e-05
diag_2_565,1.1388940060987033e-05
diag_3_969,1.1364948918348444e-05
diag_3_746,1.1342264418801278e-05
diag_3_967,1.1236107826784379e-05
diag_3_V18,1.1217089786653547e-05
diag_1_945,1.1183149798582279e-05
diag_1_974,1.110791152804995e-05
medical_specialty_Pediatrics-Neurology,1.1000827054057765e-05
diag_1_41,1.0996466232901346e-05
diag_3_E933,1.0981425583434329e-05
diag_1_378,1.0965245181242841e-05
diag_1_854,1.094465229303191e-05
diag_2_E944,1.0935077355962896e-05
medical_specialty_Resident,1.0934017780546728e-05
diag_3_718,1.0921403598508395e-05
diag_1_279,1.0893632562504342e-05
diag_2_923,1.0817551260670126e-05
diag_3_314,1.0810703235110501e-05
diag_1_V60,1.0774238137771027e-05
diag_2_186,1.0742778245851934e-05
diag_3_495,1.0614655406898443e-05
diag_3_550,1.0568140810810707e-05
diag_1_973,1.0560550400525018e-05
diag_1_756,1.0556771027271265e-05
diag_2_756,1.0519761718928977e-05
medical_specialty_Surgery-Maxillofacial,1.0417878108671283e-05
diag_3_279,1.0393098015568311e-05
diag_2_741,1.0369500982401829e-05
diag_2_865,1.0345251851162158e-05
diag_2_881,1.0337636158129273e-05
diag_1_66,1.031194019427466e-05
diag_3_717,1.030764253559792e-05
diag_3_747,1.0300578689222209e-05
diag_1_810,1.0248225684382594e-05
diag_3_890,1.0184610536835587e-05
diag_3_836,1.0132526821002262e-05
diag_3_366,1.0118603410865955e-05
diag_2_713,1.0117586728078204e-05
diag_1_992,1.0113412664362511e-05
diag_3_621,1.0068659879716508e-05
diag_1_78,1.0052051830917796e-05
diag_2_225,1.0038693428008776e-05
diag_2_758,1.0008983164851613e-05
diag_3_610,1.000238720412919e-05
diag_2_E814,9.900032049418383e-06
diag_1_598,9.899722701094032e-06
diag_1_583,9.89307421383613e-06
diag_1_747,9.887121520224451e-06
diag_3_152,9.874620763786307e-06
diag_1_228,9.82475423736089e-06
diag_3_647,9.797567131892278e-06
diag_3_351,9.795238566814534e-06
diag_1_244,9.788741986915472e-06
diag_2_461,9.728656911971884e-06
diag_3_215,9.704866567180754e-06
diag_3_837,9.651304582373067e-06
diag_2_188,9.648468676388524e-06
diag_3_E912,9.624952192724492e-06
diag_1_705,9.599778923224217e-06
diag_2_E858,9.58261539033716e-06
medical_specialty_Endocrinology-Metabolism,9.554177203747624e-06
diag_1_831,9.554129226286697e-06
diag_1_353,9.533250668052696e-06
diag_1_175,9.531534884910255e-06
diag_2_737,9.521594698292279e-06
medical_specialty_Surgery-Pediatric,9.487631593825833e-06
diag_1_362,9.460767474489392e-06
diag_3_907,9.44548888570274e-06
diag_2_883,9.4148366228063e-06
diag_1_641,9.341430079358365e-06
diag_1_230,9.311295867813433e-06
diag_3_816,9.30872785315828e-06
diag_3_945,9.216217366721246e-06
diag_2_430,9.209153058866972e-06
diag_1_454,9.177703180744105e-06
diag_3_958,9.12418985869629e-06
diag_2_882,9.122504730462508e-06
diag_3_431,9.076627482122666e-06
diag_3_838,9.046736008685463e-06
diag_2_698,9.038317961957953e-06
diag_1_361,8.941935558309643e-06
diag_2_975,8.870454870112584e-06
diag_3_664,8.837445797237133e-06
diag_3_916,8.832220682461245e-06
diag_2_179,8.772302373926018e-06
diag_3_844,8.701645445586572e-06
diag_3_E956,8.696476652974026e-06
diag_3_980,8.619739533676766e-06
diag_1_323,8.546849876264639e-06
diag_3_654,8.543292850250947e-06
diag_3_923,8.534922580917772e-06
diag_2_717,8.482784541104836e-06
diag_3_742,8.47842386882685e-06
diag_2_607,8.470064468901976e-06
diag_3_34,8.38055685493039e-06
diag_1_745,8.373193524963186e-06
diag_2_816,8.35399143824196e-06
diag_2_864,8.321292568173125e-06
diag_3_915,8.296194758378676e-06
diag_2_822,8.268351587807063e-06
diag_3_756,8.255297606889017e-06
diag_3_500,8.24911861098315e-06
diag_1_344,8.173760443351107e-06
diag_2_836,8.142511858455045e-06
diag_3_V16,8.101865724825194e-06
diag_2_484,8.101324722957666e-06
diag_3_V03,8.069851861509052e-06
diag_2_448,8.064476629367863e-06
diag_3_845,7.932007466590187e-06
diag_2_684,7.887291740196612e-06
diag_2_694,7.846673447037972e-06
diag_3_35,7.83899534780035e-06
diag_2_969,7.831861301925665e-06
diag_1_970,7.829195478856271e-06
diag_2_273,7.609402171896176e-06
diag_1_652,7.600531558620431e-06
diag_3_826,7.588553144731847e-06
diag_1_27,7.583108665589e-06
diag_2_299,7.573220825281394e-06
diag_1_923,7.539518751282097e-06
diag_2_686,7.5121918789077095e-06
diag_1_806,7.465175138562863e-06
diag_1_142,7.459358176644719e-06
diag_1_250.5,7.448006232329426e-06
diag_3_9,7.438751364710711e-06
diag_1_864,7.436872637303064e-06
diag_2_619,7.4209036265533274e-06
diag_2_172,7.411279412341391e-06
diag_1_759,7.3877813960773854e-06
diag_2_508,7.363950698261412e-06
diag_2_V66,7.346662555389686e-06
diag_2_485,7.315875763360464e-06
diag_3_172,7.297397305502548e-06
diag_2_791,7.295434466463244e-06
diag_3_388,7.275566869745938e-06
diag_3_E819,7.247225921926083e-06
diag_3_V13,7.24407584344464e-06
diag_1_V71,7.220500218447252e-06
diag_3_565,7.211023554778852e-06
diag_2_E933,7.187066727052595e-06
diag_2_297,7.134398283209995e-06
diag_3_E920,7.126122198740431e-06
diag_2_V70,7.119402944971253e-06
diag_3_250.2,7.1123301609952915e-06
diag_2_V72,7.060701219732137e-06
diag_1_664,7.059267916089657e-06
diag_3_527,6.994064023226802e-06
diag_3_V72,6.934516445751885e-06
diag_3_E870,6.928546240177281e-06
diag_2_355,6.90404179603827e-06
diag_1_647,6.8314829309752545e-06
diag_2_310,6.82558720216381e-06
diag_1_223,6.811232659212287e-06
diag_3_V53,6.753465044410799e-06
glyburide-metformin_Up,6.752955742411745e-06
diag_3_831,6.709262419277447e-06
diag_3_379,6.701116051119683e-06
diag_2_324,6.66989217553232e-06
diag_2_208,6.651497861892909e-06
diag_2_318,6.6369511196157925e-06
diag_3_810,6.623888194890295e-06
diag_1_463,6.617334246030586e-06
diag_3_421,6.569892186599527e-06
diag_1_237,6.551429322251688e-06
diag_1_335,6.540186566019928e-06
diag_1_660,6.522492115343102e-06
diag_2_501,6.483450045943505e-06
diag_1_250.9,6.4833540766995886e-06
medical_specialty_Pediatrics-EmergencyMedicine,6.467654222718667e-06
diag_3_227,6.460617022562738e-06
diag_3_E901,6.445701415719013e-06
diag_3_566,6.403409009916045e-06
diag_1_250.53,6.382890342115472e-06
diag_3_758,6.363189922706525e-06
diag_1_212,6.339399200703643e-06
diag_2_868,6.337864306639534e-06
diag_2_266,6.285748228885068e-06
diag_2_474,6.269542130899959e-06
diag_1_800,6.262310714690856e-06
diag_3_882,6.244774408082951e-06
diag_1_737,6.2441019089540045e-06
diag_1_31,6.22355077947189e-06
diag_3_161,6.219250540498616e-06
diag_2_623,6.1997734808145804e-06
diag_1_V63,6.19171138083812e-06
diag_3_182,6.191178904279147e-06
diag_1_883,6.187269361661772e-06
diag_3_704,6.170002582202549e-06
diag_2_712,6.146124070888338e-06
diag_3_962,6.0986506554332675e-06
medical_specialty_Dentistry,6.083244336775652e-06
diag_2_718,6.06536275470224e-06
diag_1_835,6.056190747892056e-06
diag_2_E812,6.054743131848912e-06
diag_1_751,6.052587782823908e-06
diag_3_171,6.051980332581213e-06
diag_3_E906,6.051207354550409e-06
diag_1_388,6.043941483814959e-06
diag_3_250.21,6.027045781134177e-06
diag_2_725,6.022244820358363e-06
diag_2_306,6.0088351810323e-06
diag_3_508,5.961305585790689e-06
diag_3_220,5.918189608764137e-06
diag_3_472,5.892877618191789e-06
diag_2_861,5.88668999215517e-06
diag_2_844,5.8384590244012045e-06
diag_1_703,5.8250864779856045e-06
diag_1_7,5.823971616240055e-06
diag_2_495,5.791049411322223e-06
diag_2_991,5.773321107243857e-06
diag_2_892,5.761022933824605e-06
diag_2_922,5.729034486586352e-06
diag_3_881,5.694036019877957e-06
diag_1_342,5.689530642894141e-06
diag_1_136,5.6814537385940406e-06
diag_1_336,5.629987589057993e-06
diag_1_379,5.622145770520423e-06
diag_1_893,5.609018952988637e-06
diag_2_E853,5.60160435924044e-06
diag_1_980,5.588541562506416e-06
diag_3_78,5.58396047450569e-06
diag_3_313,5.513666267603072e-06
diag_3_158,5.485221745337983e-06
diag_3_E855,5.480621345866205e-06
diag_3_V61,5.470528396711425e-06
diag_3_241,5.468106384085116e-06
diag_2_141,5.458931398495323e-06
diag_1_299,5.446580911986833e-06
diag_3_216,5.434509511429573e-06
diag_2_322,5.431297428577379e-06
diag_3_359,5.426621367139231e-06
diag_2_477,5.404989465552609e-06
diag_3_663,5.395393642685623e-06
diag_2_972,5.38178423625122e-06
diag_3_649,5.359802274615297e-06
diag_1_983,5.341579926054064e-06
diag_1_240,5.317990126832991e-06
diag_2_78,5.2887373423806685e-06
diag_1_215,5.2869999657992e-06
diag_2_250.9,5.2698990942129005e-06
diag_2_921,5.260926132840378e-06
diag_3_661,5.242985606390103e-06
diag_3_E858,5.2291766686681586e-06
diag_2_701,5.219881679237118e-06
diag_1_58,5.216718028567262e-06
diag_1_814,5.201101176217003e-06
diag_3_163,5.178058634389838e-06
diag_2_891,5.147649794016287e-06
diag_2_389,5.143545648626154e-06
diag_3_E980,5.137865943055785e-06
diag_1_866,5.13780839406528e-06
diag_3_235,5.112918822685285e-06
diag_2_E941,5.0795101957694185e-06
diag_3_850,5.042823661613791e-06
diag_2_685,5.002484380414686e-06
diag_1_320,5.000637502149993e-06
diag_3_847,4.998135930590301e-06
diag_1_663,4.9643593465192955e-06
diag_1_49,4.962666713868332e-06
diag_1_746,4.944661095025331e-06
diag_1_245,4.936945441066096e-06
diag_3_919,4.932804065300576e-06
diag_3_226,4.9282328466806465e-06
diag_1_878,4.89606299945767e-06
diag_2_226,4.878479508689356e-06
diag_1_936,4.8781075037426155e-06
diag_3_243,4.857596756469664e-06
diag_2_831,4.857484680528103e-06
diag_1_179,4.843912827871518e-06
diag_2_598,4.8341082363521605e-06
diag_1_990,4.809191170222126e-06
diag_1_495,4.7690892299633225e-06
diag_1_170,4.760756716332941e-06
diag_2_810,4.723831426666211e-06
diag_2_V55,4.7227440802610474e-06
diag_3_258,4.714008729891719e-06
diag_1_734,4.713289962000557e-06
diag_3_848,4.7008147909658975e-06
diag_3_E818,4.699121467783319e-06
diag_2_250.91,4.679285748373798e-06
diag_3_350,4.66388110008848e-06
diag_1_796,4.661812383257265e-06
diag_3_701,4.660558692173007e-06
diag_1_975,4.657568511760502e-06
diag_1_483,4.651973471401925e-06
diag_3_214,4.639976365479173e-06
diag_1_615,4.61023473908281e-06
diag_3_E943,4.603848398092279e-06
diag_2_977,4.569753637443591e-06
diag_1_674,4.508784044776176e-06
diag_2_245,4.508380954009389e-06
diag_3_250.23,4.508185314168614e-06
diag_3_860,4.504366129548632e-06
diag_1_987,4.474788517618591e-06
diag_1_865,4.449486806349523e-06
diag_1_720,4.3720297183207886e-06
diag_2_E816,4.368969896481325e-06
diag_1_262,4.343172741554704e-06
diag_3_191,4.340460016631676e-06
diag_2_907,4.329098429374422e-06
diag_1_210,4.3242625424228085e-06
diag_3_246,4.25173731497956e-06
diag_3_510,4.249209502086308e-06
diag_3_E936,4.229795399752704e-06
diag_2_621,4.211433176874562e-06
diag_3_323,4.1989052515516855e-06
diag_1_706,4.174437138474249e-06
diag_2_308,4.16967384913628e-06
diag_1_148,4.164879368187973e-06
diag_2_851,4.153701874442123e-06
diag_3_644,4.1493174329915765e-06
diag_2_646,4.137900629804433e-06
diag_2_250.32,4.1107990629450904e-06
diag_3_334,4.1042281392281205e-06
diag_3_V23,4.101275449153506e-06
diag_3_139,4.099068027951502e-06
diag_3_623,4.086767639319615e-06
diag_3_V06,4.066418182517859e-06
diag_3_88,4.0616102470051955e-06
diag_2_945,4.059745818711234e-06
diag_3_822,4.050216047754717e-06
diag_2_806,4.048002363446666e-06
diag_2_E854,4.0369683439159066e-06
diag_1_622,4.0346070026918905e-06
diag_2_862,4.0259093477970216e-06
diag_3_460,4.005239426410606e-06
diag_2_171,3.989894320795143e-06
diag_1_V25,3.979537456238704e-06
diag_1_370,3.975939931491239e-06
diag_1_131,3.96794302506619e-06
diag_3_655,3.967722058002249e-06
diag_1_797,3.960369985109215e-06
diag_2_372,3.946679023326601e-06
diag_1_944,3.942678218456726e-06
diag_3_268,3.933988552271843e-06
diag_1_192,3.931129722874674e-06
diag_1_501,3.9152761789110985e-06
diag_1_640,3.910749067426375e-06
diag_1_214,3.900550166669407e-06
diag_3_E924,3.88843014090751e-06
diag_2_E927,3.879444963496349e-06
diag_1_634,3.877962606933199e-06
diag_2_527,3.877675465511435e-06
diag_3_E852,3.869484563208434e-06
diag_1_147,3.8692495090371865e-06
diag_2_918,3.8532291489985765e-06
diag_3_417,3.847066880348263e-06
diag_3_933,3.832939453371525e-06
diag_1_610,3.818235552639875e-06
diag_3_622,3.808311731248429e-06
diag_1_793,3.802502656361243e-06
diag_2_376,3.7982570320599874e-06
diag_1_366,3.797683024127422e-06
diag_2_751,3.788865148875258e-06
diag_2_652,3.7882516425269175e-06
diag_2_250.21,3.7651858944858105e-06
diag_3_653,3.764957386592354e-06
diag_3_228,3.7583454522952234e-06
diag_2_250.31,3.75607414941201e-06
diag_1_365,3.754412063955154e-06
diag_2_793,3.753485077847353e-06
diag_2_919,3.714623573250823e-06
diag_2_847,3.7035684055824606e-06
diag_3_E938,3.7011724444086047e-06
diag_2_588,3.663103672332026e-06
diag_1_324,3.655636718969892e-06
diag_1_308,3.6528573120086626e-06
diag_2_815,3.637477211234486e-06
diag_3_132,3.618137098848343e-06
diag_2_31,3.6000358572717208e-06
diag_2_524,3.5765150781594047e-06
diag_3_528,3.5561716748635512e-06
medical_specialty_DCPTEAM,3.5458376872273996e-06
diag_3_5,3.5328081796202026e-06
diag_2_759,3.5265695698825358e-06
diag_3_V07,3.5194728240072875e-06
diag_2_909,3.5115007691956556e-06
diag_3_376,3.5029027344155225e-06
diag_3_720,3.5026140432494295e-06
diag_2_634,3.4822784910860396e-06
diag_3_603,3.474141735517439e-06
diag_1_39,3.4546324466929777e-06
diag_1_500,3.4507536239660594e-06
diag_1_963,3.4474777130611257e-06
acetohexamide_Steady,3.43870750342389e-06
diag_3_180,3.4386276018878456e-06
diag_3_910,3.425914556914689e-06
diag_2_992,3.3994244481970353e-06
diag_3_464,3.383573898415537e-06
diag_3_239,3.370063110415177e-06
diag_2_604,3.332612727266727e-06
diag_3_658,3.309658528155224e-06
diag_3_943,3.2944332992283554e-06
diag_1_273,3.281778849890069e-06
diag_3_870,3.2715674435256406e-06
diag_3_240,3.2704945919791585e-06
diag_3_E850,3.26665906572755e-06
diag_2_908,3.2660191489503178e-06
diag_2_837,3.2602564594834645e-06
diag_2_256,3.2568774410900327e-06
diag_1_145,3.2546464281303524e-06
diag_2_352,3.2498365394357606e-06
diag_1_735,3.2381883029463923e-06
diag_2_656,3.229109796883462e-06
diag_3_445,3.2239860038379033e-06
diag_2_75,3.2217336635679397e-06
diag_2_483,3.2183474484338117e-06
diag_2_217,3.2078461502590734e-06
diag_2_967,3.2012403664003904e-06
medical_specialty_Pediatrics-AllergyandImmunology,3.175995105289056e-06
diag_3_525,3.1746470561789565e-06
diag_1_V45,3.164153391720652e-06
diag_1_846,3.159777340283457e-06
diag_1_863,3.158562574922759e-06
diag_3_643,3.143223467174564e-06
diag_3_821,3.140691755194866e-06
diag_1_881,3.1173632109288175e-06
diag_2_E917,3.1071687658840756e-06
diag_2_351,3.0960204016198666e-06
diag_2_383,3.095293390353824e-06
diag_1_250.91,3.055992080641361e-06
diag_2_968,3.034115372552912e-06
diag_3_953,3.033414339489441e-06
diag_3_335,3.0181252062694697e-06
diag_2_388,3.0181064329720635e-06
diag_3_866,3.015338179177759e-06
diag_1_921,3.011529684957019e-06
diag_1_369,2.9878262563073666e-06
diag_1_700,2.9755064035942887e-06
diag_1_382,2.9404478481942126e-06
diag_2_405,2.9220161984377075e-06
diag_2_V53,2.909055916590477e-06
diag_3_690,2.903447876844725e-06
diag_3_825,2.898096935138527e-06
diag_1_470,2.8913634728754543e-06
diag_1_36,2.888438812382079e-06
diag_3_759,2.87658515233561e-06
diag_3_734,2.871266308281211e-06
diag_1_V07,2.859314908707075e-06
diag_2_246,2.8489958873452538e-06
diag_3_652,2.8407059272219135e-06
diag_2_814,2.838688165144084e-06
diag_1_879,2.8323404926036896e-06
diag_3_75,2.8205534222537084e-06
diag_1_110,2.8020342941993934e-06
diag_3_136,2.7912668948096943e-06
diag_2_911,2.76857633863251e-06
diag_3_186,2.7646456849329122e-06
diag_3_912,2.7429094073624182e-06
diag_3_906,2.727890251796438e-06
diag_3_702,2.7185340798032036e-06
diag_2_603,2.7183327473331357e-06
diag_3_170,2.7125505216703923e-06
miglitol_Up,2.7059413673878153e-06
diag_1_795,2.6643512150870403e-06
diag_3_353,2.6618323225393146e-06
diag_2_270,2.624188307947065e-06
diag_1_V67,2.6220400647878483e-06
diag_2_801,2.6211588276267877e-06
diag_1_360,2.5693340613472813e-06
diag_1_871,2.568059595399604e-06
diag_2_395,2.5522289777599434e-06
diag_1_914,2.547949133925673e-06
diag_1_917,2.53953117237605e-06
diag_1_692,2.5380654847874366e-06
diag_1_803,2.532939957547035e-06
diag_2_870,2.5257371926902485e-06
diag_2_E881,2.5237633241619157e-06
tolazamide_Up,2.5213835968712034e-06
diag_1_698,2.5196354857334025e-06
diag_3_735,2.512893881245368e-06
diag_1_839,2.4940646258782964e-06
diag_2_379,2.491064534591052e-06
diag_1_194,2.470429296430758e-06
diag_3_703,2.469862874907537e-06
diag_2_250.3,2.458342664891607e-06
diag_1_301,2.454365266507011e-06
diag_2_223,2.453403728053234e-06
diag_3_884,2.4521535341693534e-06
diag_2_381,2.449380483551277e-06
diag_3_E905,2.439500961782142e-06
diag_1_982,2.4234419099550595e-06
diag_3_851,2.410224310235275e-06
diag_3_373,2.4079467982741973e-06
diag_2_990,2.400667236812972e-06
diag_2_E905,2.3948459685915426e-06
diag_1_633,2.3752394519218063e-06
diag_3_E904,2.3694112821076996e-06
diag_2_323,2.3692356708940337e-06
diag_3_E965,2.360071721744911e-06
diag_3_259,2.344414481327723e-06
diag_3_543,2.342636299484894e-06
diag_1_115,2.3413890405284e-06
diag_3_250.31,2.3338632371104334e-06
diag_2_602,2.331938353832431e-06
diag_2_644,2.33033654437833e-06
diag_3_148,2.3227158409988167e-06
diag_2_250.33,2.3190392633603053e-06
diag_1_217,2.303260952733589e-06
diag_3_797,2.3029049878478995e-06
diag_2_373,2.300611572567511e-06
diag_3_E916,2.30033797829532e-06
diag_2_695,2.281808286228603e-06
diag_1_375,2.2719735852838346e-06
diag_1_916,2.2655502052675604e-06
diag_1_655,2.2639386034173285e-06
diag_3_V86,2.2630381245185417e-06
diag_2_647,2.262220280611169e-06
diag_2_917,2.2597353913729587e-06
diag_1_886,2.244609505471015e-06
diag_2_872,2.2425095533228427e-06
diag_3_752,2.2424574026006785e-06
diag_3_195,2.2411396586076556e-06
diag_3_538,2.2386338416865082e-06
diag_2_V11,2.2346819731519663e-06
diag_1_114,2.2329766570885924e-06
diag_3_842,2.231580732344258e-06
diag_1_229,2.2186768798715496e-06
diag_2_543,2.2132312881113156e-06
diag_2_E870,2.2053825131304033e-06
diag_1_180,2.202592316917068e-06
diag_1_669,2.1948314596900744e-06
diag_3_430,2.187617211460683e-06
diag_1_V43,2.181062359521589e-06
diag_2_E915,2.1794408116911985e-06
diag_1_164,2.17729915879342e-06
diag_3_E865,2.1728884197831874e-06
diag_1_833,2.1541165312101165e-06
diag_3_966,2.1425839463533987e-06
medical_specialty_Pediatrics-Hematology-Oncology,2.1354418903624357e-06
diag_1_986,2.1259211195715582e-06
diag_1_405,2.1081081050615694e-06
diag_2_27,2.1076744851049455e-06
diag_1_836,2.105305669338546e-06
diag_2_463,2.062892660124488e-06
diag_2_472,2.0627496747237326e-06
diag_2_250.23,2.0588735147325803e-06
metformin-rosiglitazone_Steady,2.0436420674951103e-06
diag_3_V11,2.0434418400802843e-06
diag_3_360,2.035761125068038e-06
diag_3_811,2.028563904088726e-06
diag_1_524,2.021586551557661e-06
diag_2_E931,2.018732438002901e-06
diag_3_308,2.0092719267532545e-06
diag_3_E919,2.0067824478410465e-06
diag_3_928,2.0055101952620702e-06
diag_2_843,1.999734893675889e-06
diag_3_795,1.982997622877817e-06
diag_3_E987,1.976243200490846e-06
diag_3_E941,1.9719796359281277e-06
diag_2_622,1.9656404430124045e-06
diag_1_384,1.9541541534026285e-06
diag_2_E916,1.9501374146306153e-06
diag_2_V02,1.9473770566461904e-06
diag_3_164,1.9418465828464053e-06
diag_1_246,1.9397323529278326e-06
diag_2_E906,1.927974708465005e-06
diag_1_848,1.9196181588930567e-06
diag_3_815,1.9191343930157287e-06
diag_2_182,1.9156181755490145e-06
diag_3_245,1.9116540497551963e-06
diag_3_685,1.910392518309922e-06
diag_1_602,1.9050715286363333e-06
diag_2_227,1.8805879963249124e-06
diag_3_956,1.8728496509049365e-06
diag_1_868,1.8653037390747624e-06
diag_2_240,1.8606876628645807e-06
diag_1_941,1.8552511323469896e-06
diag_2_542,1.8479604758133126e-06
diag_1_75,1.8289817067736116e-06
diag_1_619,1.8285658565824946e-06
diag_2_269,1.828446227052883e-06
diag_2_521,1.82167232050898e-06
diag_2_866,1.81931589806651e-06
diag_3_E917,1.7869413481928155e-06
diag_2_795,1.78104686881846e-06
diag_2_E818,1.7799627009003428e-06
diag_3_V70,1.7718887820190677e-06
diag_3_299,1.7677101759066526e-06
diag_2_884,1.7605508330895197e-06
diag_2_215,1.7573265723012917e-06
diag_2_V23,1.7495222312893297e-06
diag_1_377,1.7396688717643103e-06
diag_3_384,1.7391501162771482e-06
diag_2_E887,1.734763560971285e-06
diag_3_529,1.7155650776380316e-06
diag_1_632,1.7124317555306337e-06
diag_1_322,1.7122577970736902e-06
glimepiride-pioglitazone_Steady,1.7111697473636828e-06
diag_2_811,1.6970360912043287e-06
diag_3_875,1.6861495499866823e-06
diag_2_259,1.6683335054967383e-06
diag_1_875,1.6678017279462224e-06
diag_1_827,1.660029572891994e-06
diag_3_484,1.6588367167138094e-06
diag_2_212,1.6422923416980705e-06
diag_1_261,1.6396616790951296e-06
diag_3_173,1.633877845526699e-06
diag_1_266,1.6207971041603167e-06
diag_3_377,1.6185488759965772e-06
diag_2_239,1.5804770101447272e-06
diag_1_880,1.5748961237757282e-06
diag_1_173,1.571870269522675e-06
diag_3_868,1.5706279443716291e-06
diag_1_474,1.5690280767993367e-06
diag_3_665,1.5573248901316475e-06
diag_3_706,1.5507902557175982e-06
diag_3_893,1.549181937878135e-06
diag_2_460,1.5086427451369466e-06
diag_3_146,1.4985331740251291e-06
diag_1_373,1.497290879150672e-06
diag_2_842,1.46810348828579e-06
diag_3_862,1.4543976365836204e-06
diag_1_603,1.445865338083534e-06
diag_3_V01,1.4431576423189895e-06
diag_2_66,1.403903711134829e-06
diag_2_846,1.3962343364645937e-06
diag_3_814,1.3957034106613956e-06
diag_2_E929,1.391471601289594e-06
diag_2_131,1.3893385389099396e-06
diag_2_615,1.3850668034305283e-06
diag_2_V14,1.3793117074792956e-06
diag_3_E915,1.3784545274571735e-06
diag_1_838,1.3751271385574817e-06
medical_specialty_Speech,1.3740618990874187e-06
diag_3_942,1.35315255118968e-06
diag_3_E900,1.3450094839127138e-06
diag_1_381,1.3446291191781527e-06
diag_2_422,1.3372458093590995e-06
diag_1_919,1.3238603520807357e-06
diag_2_350,1.316203548662539e-06
diag_3_E854,1.311490913435117e-06
diag_2_659,1.3109244004907722e-06
diag_1_895,1.3040137931407465e-06
diag_3_7,1.271965475187358e-06
diag_2_195,1.2702653698918666e-06
medical_specialty_Dermatology,1.2666782394260773e-06
diag_2_163,1.2641161640128979e-06
diag_2_366,1.2622046833791187e-06
diag_3_3,1.2614679864773592e-06
diag_1_V66,1.2503872767250466e-06
diag_3_463,1.2437035544354497e-06
diag_1_683,1.2411594720961006e-06
diag_2_942,1.2406265266548445e-06
diag_3_E826,1.2341580661561663e-06
diag_2_664,1.206347573373216e-06
diag_3_271,1.2051438405961408e-06
diag_2_145,1.2004885971671942e-06
diag_3_395,1.1997241919052988e-06
diag_3_230,1.1994360016976402e-06
diag_1_542,1.1895490916062497e-06
diag_2_E900,1.1811972805356656e-06
diag_2_916,1.1760316881912063e-06
diag_2_965,1.175511709065617e-06
diag_1_665,1.1679139660241257e-06
diag_3_732,1.1613859590124192e-06
diag_1_422,1.1591721701113007e-06
diag_2_E813,1.1333420141304587e-06
diag_2_268,1.1140134418358237e-06
medical_specialty_Neurophysiology,1.109211630224363e-06
payer_code_FR,1.1017492098446459e-06
diag_2_360,1.1003157319391447e-06
diag_3_387,1.0888436213940037e-06
diag_1_236,1.0858024264336198e-06
diag_2_952,1.083995497513786e-06
diag_2_797,1.082234751281004e-06
diag_1_52,1.0815094016341471e-06
diag_2_955,1.0813514363340731e-06
diag_1_172,1.0745462991687435e-06
diag_1_417,1.0736261256841676e-06
diag_3_E825,1.0555530063026848e-06
diag_2_683,1.0549025784866624e-06
diag_1_133,1.0538626634824003e-06
diag_3_374,1.051686370553235e-06
diag_3_853,1.0483411027006193e-06
diag_3_E822,1.0431014219855417e-06
diag_2_E938,1.040512799238935e-06
diag_2_833,1.036642454915316e-06
diag_3_175,1.0330498944728712e-06
diag_2_464,1.0310088815588426e-06
diag_3_470,1.0272564181143278e-06
diag_2_130,1.0201495347018344e-06
diag_2_E826,1.0167225690339027e-06
diag_3_E853,1.0118542865420399e-06
diag_3_385,1.0081262214763828e-06
diag_2_164,9.97104643546045e-07
diag_3_880,9.87748465153428e-07
diag_1_691,9.841425725990218e-07
diag_2_853,9.77696345645721e-07
diag_2_137,9.75120271987069e-07
diag_3_E815,9.747308904263856e-07
diag_1_207,9.708393857616742e-07
diag_3_876,9.704202385307203e-07
diag_2_832,9.69523877298421e-07
diag_3_E883,9.68464389364302e-07
diag_2_341,9.683550935534655e-07
diag_3_27,9.662030081945828e-07
diag_1_791,9.660752728067741e-07
diag_2_E918,9.611977504468913e-07
metformin-pioglitazone_Steady,9.59598310478176e-07
diag_2_E882,9.559653841892778e-07
diag_1_219,9.525013547853493e-07
diag_2_534,9.490917659385641e-07
diag_2_235,9.474722660576394e-07
diag_3_656,9.455163420359737e-07
diag_1_657,9.446537901180567e-07
diag_2_869,9.406564701297898e-07
diag_3_57,9.353907422624673e-07
diag_1_318,9.346306768580296e-07
diag_1_216,9.341684453731463e-07
diag_1_477,9.332257547484283e-07
diag_3_E813,9.301919909466183e-07
diag_3_670,9.300722001797352e-07
diag_1_690,9.295579205833568e-07
diag_2_123,9.273077821468601e-07
diag_2_347,9.188156960273405e-07
diag_3_47,9.104453081707185e-07
diag_1_61,9.10422767182321e-07
diag_2_580,9.087796256382948e-07
diag_1_804,9.075517858850214e-07
diag_3_864,9.009615593732767e-07
diag_3_14,8.93977375838768e-07
diag_1_250.51,8.89640165538116e-07
diag_2_641,8.670800558313467e-07
diag_2_192,8.606599925326727e-07
diag_3_952,8.533762092207685e-07
diag_1_862,8.507139241520381e-07
diag_2_800,8.466749380647373e-07
diag_1_84,8.452826742200638e-07
diag_2_180,8.437384469765053e-07
diag_3_250.3,8.43076211072123e-07
diag_3_671,8.42622277128303e-07
diag_1_582,8.413884275818248e-07
diag_3_381,8.369231675369374e-07
diag_3_E949,8.351604895228814e-07
diag_1_957,8.338375299452988e-07
diag_2_674,8.278403593782269e-07
diag_1_385,8.216888690370836e-07
diag_2_V60,8.200758917926907e-07
diag_1_149,8.124514796057625e-07
diag_1_187,8.118196067396511e-07
diag_3_992,8.113360546947685e-07
diag_2_V13,8.099388915428235e-07
diag_3_540,8.037972700748216e-07
diag_1_834,8.023040942862021e-07
diag_2_35,8.016664362667492e-07
diag_1_885,7.874327187657608e-07
diag_3_123,7.814078383698487e-07
diag_2_325,7.783737605270946e-07
diag_2_963,7.762596076955225e-07
diag_2_V03,7.681876634794374e-07
diag_1_395,7.659440691769914e-07
diag_3_217,7.594313217775682e-07
diag_3_485,7.553040668678732e-07
diag_2_610,7.501422012542227e-07
diag_3_948,7.4431315024926e-07
diag_2_228,7.292984909303227e-07
medical_specialty_Perinatology,7.287620049366134e-07
diag_3_641,7.223775111592677e-07
diag_3_E828,7.126995500633304e-07
diag_2_654,7.091216581384834e-07
diag_2_E821,7.060353582226621e-07
diag_3_V22,7.02761668472294e-07
diag_1_V26,7.024400262765897e-07
diag_2_E968,6.968885070347691e-07
diag_1_994,6.943138680041417e-07
diag_2_E883,6.916080194380425e-07
diag_3_944,6.900727301735512e-07
diag_1_E909,6.851312914900197e-07
diag_3_361,6.830015860008437e-07
diag_2_374,6.744386694972836e-07
diag_2_E850,6.740866771024388e-07
diag_2_523,6.680320713913293e-07
diag_2_316,6.628248493736312e-07
diag_1_V70,6.596943043999141e-07
diag_3_872,6.448475498035545e-07
diag_1_412,6.409988863095546e-07
diag_1_649,6.402593360292721e-07
diag_1_911,6.344468910102709e-07
diag_3_971,6.342528600165639e-07
diag_1_653,6.296740870515866e-07
diag_2_704,6.185955148990795e-07
diag_1_389,6.174768566390201e-07
diag_3_863,6.121142475614379e-07
diag_2_944,6.086027053345793e-07
diag_2_475,6.032814555860566e-07
diag_3_972,5.940599953182098e-07
diag_1_842,5.846595284127364e-07
diag_3_115,5.829343507364614e-07
diag_1_314,5.723326897611982e-07
diag_3_E886,5.691377756201011e-07
diag_2_663,5.652201589842776e-07
diag_1_143,5.641887156171108e-07
diag_2_910,5.635393269165459e-07
diag_2_661,5.592279370234394e-07
diag_3_918,5.577019090538135e-07
diag_3_E864,5.49756674512937e-07
diag_1_57,5.484028882710906e-07
diag_1_160,5.470085724269978e-07
diag_2_702,5.465444140700186e-07
diag_2_529,5.450517007971351e-07
diag_2_703,5.444185417396214e-07
diag_2_111,5.43956705721563e-07
diag_3_865,5.401340433972979e-07
diag_1_903,5.362359115687985e-07
diag_3_834,5.291190955875082e-07
diag_2_691,5.128868161612221e-07
diag_2_V25,5.065343659542849e-07
diag_3_122,4.991698301130762e-07
diag_2_302,4.922875491334328e-07
diag_3_475,4.906758615834877e-07
diag_1_913,4.868069181947114e-07
diag_3_542,4.860056672395347e-07
diag_2_99,4.823660753523482e-07
diag_2_470,4.815952299438478e-07
medical_specialty_Proctology,4.72058199211924e-07
diag_2_947,4.7170172380755457e-07
diag_1_915,4.7081540538733306e-07
diag_3_V25,4.6835538940013513e-07
diag_1_870,4.668422010401353e-07
diag_1_832,4.475084649269716e-07
diag_2_734,4.430795883312786e-07
diag_2_880,4.318970198213937e-07
diag_2_E919,4.2847156755229025e-07
diag_3_E882,4.192463359896232e-07
diag_1_939,4.0901915406073046e-07
diag_1_897,4.049249076674489e-07
diag_1_645,4.025150811329491e-07
diag_1_732,4.011248654483983e-07
diag_2_915,4.0014383089289905e-07
diag_2_670,3.996749439190333e-07
diag_1_98,3.8627098534966214e-07
diag_3_754,3.838458180944495e-07
diag_1_448,3.8132043250349794e-07
diag_3_E861,3.6988182466920767e-07
diag_2_V86,3.6398931232055476e-07
diag_2_46,3.6142963135633407e-07
diag_1_637,3.4927812288646676e-07
diag_2_906,3.4154514140088056e-07
diag_2_140,3.3503856966257353e-07
diag_2_173,3.2339459584146554e-07
diag_3_871,3.138545716272395e-07
diag_1_955,2.944396246740957e-07
diag_3_624,2.818765198778762e-07
diag_3_E955,2.670395622264408e-07
diag_3_657,2.5977788754589084e-07
diag_3_697,2.5369393629981703e-07
diag_3_265,2.2530651934220586e-07
diag_3_930,2.0556740521187358e-07
diag_2_980,1.991635383452107e-07
diag_1_605,1.980057078753208e-07
diag_2_E819,1.949207065704634e-07
diag_3_669,1.9230608317441108e-07
diag_2_E965,1.4194069370102237e-07
diag_2_V50,1.2232453836315354e-07
diag_1_671,1.0248697842324065e-07
diag_3_674,0.0
troglitazone_Steady,0.0
medical_specialty_Psychiatry-Addictive,0.0
medical_specialty_SportsMedicine,0.0
medical_specialty_Surgery-PlasticwithinHeadandNeck,0.0
diag_1_363,0.0
diag_3_684,0.0
diag_2_E945,0.0
diag_2_V16,0.0
diag_3_17,0.0
diag_2_V69,0.0
diag_3_111,0.0
diag_3_841,0.0
diag_1_837,0.0
diag_2_271,0.0
diag_2_364,0.0
diag_3_193,0.0
diag_2_353,0.0
medical_specialty_Pediatrics-InfectiousDiseases,0.0
diag_1_372,0.0
diag_3_66,0.0
diag_3_E966,0.0
diag_1_471,0.0
diag_3_602,0.0
diag_2_232,0.0
diag_2_506,0.0
diag_2_5,0.0
diag_2_520,0.0
diag_2_52,0.0
diag_2_E829,0.0
diag_2_987,0.0
diag_2_994,0.0
diag_2_E817,0.0
diag_3_879,0.0
diag_3_877,0.0
diag_2_974,0.0
diag_2_E980,0.0
diag_3_854,0.0
diag_2_E890,0.0
diag_2_894,0.0
diag_3_800,0.0
diag_2_912,0.0
diag_2_893,0.0
diag_3_955,0.0
diag_3_757,0.0
diag_3_935,0.0
diag_3_911,0.0
diag_1_97,0.0
diag_2_E868,0.0
diag_2_953,0.0
diag_2_948,0.0
diag_2_962,0.0
diag_2_96,0.0
diag_1_684,0.0
diag_1_704,0.0
diag_3_951,0.0
diag_3_370,0.0
diag_3_315,0.0
diag_2_927,0.0
diag_2_871,0.0
diag_1_817,0.0
diag_2_748,0.0
diag_1_V51,0.0
diag_2_879,0.0
diag_3_987,0.0
diag_3_970,0.0
diag_2_88,0.0
diag_2_863,0.0
diag_2_752,0.0
diag_1_988,0.0
diag_2_754,0.0
diag_2_755,0.0
diag_1_976,0.0
diag_3_E892,0.0
diag_3_E894,0.0
diag_2_115,0.0
diag_1_48,0.0
diag_1_325,0.0
diag_1_580,0.0
diag_3_448,0.0
diag_1_543,0.0
diag_3_483,0.0
diag_1_523,0.0
diag_3_480,0.0
diag_1_334,0.0
diag_2_658,0.0
diag_2_645,0.0
diag_3_755,0.0
diag_2_7,0.0
diag_2_114,0.0
diag_2_665,0.0
diag_3_E945,0.0
diag_2_605,0.0
